GeneID	Muscle_GC	Muscle_MG
ENSMUSG00000000001.4	253,403,203	227,245,220
ENSMUSG00000000003.15	0,0,0	0,0,0
ENSMUSG00000000028.15	24,7,4	14,21,13
ENSMUSG00000000031.16	1281,155,1369	1433,2630,2969
ENSMUSG00000000037.16	3,23,7	0,0,8
ENSMUSG00000000049.11	8,0,6	2,1,3
ENSMUSG00000000056.7	323,146,347	104,218,293
ENSMUSG00000000058.6	416,301,203	128,178,287
ENSMUSG00000000078.7	620,701,397	696,747,696
ENSMUSG00000000085.16	168,137,150	137,156,145
ENSMUSG00000000088.7	594,69,679	796,1207,1179
ENSMUSG00000000093.6	111,110,91	72,89,170
ENSMUSG00000000094.12	17,85,26	19,24,12
ENSMUSG00000000103.12	0,0,0	0,0,0
ENSMUSG00000000120.6	23,0,17	7,1,13
ENSMUSG00000000125.5	0,0,0	0,0,0
ENSMUSG00000000126.11	84,382,121	224,280,227
ENSMUSG00000000127.15	141,133,114	99,95,115
ENSMUSG00000000131.15	276,309,214	229,205,259
ENSMUSG00000000134.17	161,234,94	124,169,118
ENSMUSG00000000142.15	154,224,137	143,161,118
ENSMUSG00000000148.17	106,134,66	62,83,78
ENSMUSG00000000149.10	463,489,441	472,740,634
ENSMUSG00000000154.16	1,10,15	0,1,1
ENSMUSG00000000157.16	0,0,0	0,0,0
ENSMUSG00000000159.16	0,0,0	1,0,3
ENSMUSG00000000167.14	1,0,0	2,0,0
ENSMUSG00000000168.9	602,257,781	1205,1473,1584
ENSMUSG00000000171.5	499,145,597	708,1021,893
ENSMUSG00000000182.9	0,0,0	0,0,0
ENSMUSG00000000183.6	58,0,122	34,35,29
ENSMUSG00000000184.12	633,1301,685	350,454,360
ENSMUSG00000000194.13	298,353,362	273,320,290
ENSMUSG00000000197.8	45,334,57	23,24,9
ENSMUSG00000000202.9	2,0,0	1,1,1
ENSMUSG00000000204.16	1,2,0	23.93,5.22,5
ENSMUSG00000000214.11	0,0,0	6,0,1
ENSMUSG00000000215.11	0,0,0	0,0,0
ENSMUSG00000000216.8	0,0,0	0,0,0
ENSMUSG00000000223.13	699,116,96	169,87,86
ENSMUSG00000000244.17	2,23,0	9,3,1
ENSMUSG00000000247.11	8,5,13	4,3,4
ENSMUSG00000000248.16	0,0,0	0,0,0
ENSMUSG00000000253.13	203,2,192	152,200,223
ENSMUSG00000000263.15	0,0,0	0,0,0
ENSMUSG00000000266.11	136,175,85	64,112,160
ENSMUSG00000000275.16	279,303,184	147,159,178
ENSMUSG00000000276.11	137,91,145	48,68,90
ENSMUSG00000000278.10	187,566,170	149,205,98
ENSMUSG00000000282.12	177,353,115	143,127,131
ENSMUSG00000000290.13	49,96,51	160,136,117.77
ENSMUSG00000000295.13	38,8,22	14,15,19
ENSMUSG00000000296.8	70,12,62	39,61,66
ENSMUSG00000000301.16	7,5,6	5,9,6
ENSMUSG00000000303.12	49,0,0	6,0,0
ENSMUSG00000000305.12	13,22,3	3,7,4
ENSMUSG00000000308.14	4,0,0	1,0,0
ENSMUSG00000000317.11	52,46,60	136,131,100
ENSMUSG00000000318.16	45.55,74.48,23.74	26.13,37.6,42.47
ENSMUSG00000000320.10	38,76,147	16,52,58
ENSMUSG00000000325.16	150,219,154	129,151,123
ENSMUSG00000000326.13	207,352,215	263,329,338
ENSMUSG00000000339.14	66,71,99	85,117,165
ENSMUSG00000000340.10	143,282,82	83,93,128
ENSMUSG00000000346.9	463,460,405	350.68,456,391
ENSMUSG00000000355.13	22,26,19	55,55,66
ENSMUSG00000000359.3	62,77,49	49,39,43
ENSMUSG00000000365.9	0,1,0	0,0,0
ENSMUSG00000000374.8	421,239,339	395,629,532
ENSMUSG00000000378.15	105,173,163	148,246,220
ENSMUSG00000000381.10	0,0,0	0,0,0
ENSMUSG00000000384.15	160,64,187	300,358,400
ENSMUSG00000000385.8	0,0,0	0,2,0
ENSMUSG00000000386.15	2.18,0,0	5,4,11
ENSMUSG00000000392.17	31,247,50	38,59,53
ENSMUSG00000000394.15	0,0,0	0,0,0
ENSMUSG00000000399.10	540,162,572	598,798,798
ENSMUSG00000000402.2	27,19,40	5,9,0
ENSMUSG00000000409.14	0,5,0	2,1,1
ENSMUSG00000000411.7	1,0,0	0,0,0
ENSMUSG00000000416.16	58,15,11	17,7,2
ENSMUSG00000000420.15	421,476,386	486,583,621
ENSMUSG00000000435.1	0,0,3	24,18,34
ENSMUSG00000000439.9	212,177,175	188,220,221
ENSMUSG00000000440.12	149,205,112	35,56,56
ENSMUSG00000000441.17	571,377,713	576,774,728
ENSMUSG00000000486.13	0,20,11	2,3,7
ENSMUSG00000000489.7	382,224,259	760,819,719
ENSMUSG00000000530.16	394,582,280	232,286,268
ENSMUSG00000000531.5	106,111,85	70,65,62
ENSMUSG00000000532.11	240,189,275	132,136,188
ENSMUSG00000000538.18	688,639,641	714,914,857
ENSMUSG00000000544.14	0,0,0	0,0,0
ENSMUSG00000000552.10	144,366,145	81,117,131
ENSMUSG00000000555.8	470,670,585	1007,930,965
ENSMUSG00000000560.9	0,5,0	0,0,0
ENSMUSG00000000561.14	105.98,119,82.58	179.53,255.53,282.29
ENSMUSG00000000562.5	0,0,0	2,0,2
ENSMUSG00000000563.17	973.31,267,1052	1089.84,1753.3,1507.04
ENSMUSG00000000567.5	106,149,103	144,104,111
ENSMUSG00000000568.15	160,131,111	174,235,214
ENSMUSG00000000579.14	16.88,112.96,29.23	11.11,9.14,3.52
ENSMUSG00000000581.8	100,67,115	104,133,135
ENSMUSG00000000594.7	232,687,268	201,196,177
ENSMUSG00000000600.15	156,174,118	93,114,142
ENSMUSG00000000605.9	277,441,289	298,356,340
ENSMUSG00000000606.17	0,0,0	0,0,0
ENSMUSG00000000617.14	0,0,0	0,0,0
ENSMUSG00000000627.15	14,9,5	2,4,3
ENSMUSG00000000628.10	1789,241,2182	11286,9069,7942
ENSMUSG00000000631.20	1731,696,2969	3469,3416,3564
ENSMUSG00000000632.13	4,0,0	0,0,0
ENSMUSG00000000673.9	0,0,0	4,1,1
ENSMUSG00000000682.7	8,14,8	57,32,31
ENSMUSG00000000686.11	74,127,69	12,16,25
ENSMUSG00000000690.5	20,26,6	3,1,10
ENSMUSG00000000693.10	272,1065,543	180,156,119
ENSMUSG00000000701.8	0,0,0	0,0,0
ENSMUSG00000000706.16	0,0,0	0,0,0
ENSMUSG00000000708.14	596.72,621.88,392	370,453.68,468.89
ENSMUSG00000000711.3	454,565.64,472	411,599.56,567.13
ENSMUSG00000000724.10	0,0,0	0,0,0
ENSMUSG00000000730.13	0,3,0	4,0,1
ENSMUSG00000000731.15	0,0,0	0,0,0
ENSMUSG00000000732.9	50,35,52	20,28,30
ENSMUSG00000000738.18	262,144,333	245,339,373
ENSMUSG00000000739.14	34,37,17	4,8,4
ENSMUSG00000000740.12	1490.22,2687.54,1571.91	2671.95,3802.96,3396.52
ENSMUSG00000000743.9	275,276,315	298,465,420.76
ENSMUSG00000000751.13	270,243,302	186,350,351
ENSMUSG00000000753.15	1443,10635,3664	731,998,424
ENSMUSG00000000759.14	146,144,112	96,151,138
ENSMUSG00000000766.18	0,0,0	0,0,0
ENSMUSG00000000776.13	71,103,103	151,202,124
ENSMUSG00000000782.15	6,0,4	4,2,1
ENSMUSG00000000787.12	1122,937,1017	1360,1287,1621
ENSMUSG00000000791.9	0,0,0	0,0,0
ENSMUSG00000000792.2	2,0,0	0,1,2
ENSMUSG00000000794.9	33,27,47	112,52,60
ENSMUSG00000000804.14	216,254,133	169,203,241
ENSMUSG00000000805.18	67,6,45	8,16,16
ENSMUSG00000000811.13	75,34,70	58,59,68
ENSMUSG00000000817.10	0,0,0	0,0,0
ENSMUSG00000000823.16	218,312,223	219,230,283
ENSMUSG00000000826.16	568,465,440	616,757,848
ENSMUSG00000000827.18	185,303,181	227,297,251
ENSMUSG00000000838.17	146,220,97	105,102,100
ENSMUSG00000000861.15	2,7,2	4,2,0
ENSMUSG00000000869.12	0,0,0	0,0,0
ENSMUSG00000000876.11	113,118,74	43,60,56
ENSMUSG00000000881.12	36,136,54	23,34,37
ENSMUSG00000000884.17	17,8,12	20,20.4,18
ENSMUSG00000000889.8	0,0,0	0,0,0
ENSMUSG00000000901.17	61,81,41	16,44,25
ENSMUSG00000000902.13	140,190,73	189,277,202
ENSMUSG00000000903.3	0,0,0	3,0,0
ENSMUSG00000000915.15	209,312,119	106,152,179
ENSMUSG00000000916.15	32,23,49	73,66,69
ENSMUSG00000000934.9	33,15,28	50,61,48
ENSMUSG00000000938.11	94,230,180	79,97,93
ENSMUSG00000000942.10	5,3,1	7,12,11
ENSMUSG00000000948.16	0,0,0	0,0,1.06
ENSMUSG00000000957.11	210,426,324	245,309,219
ENSMUSG00000000958.10	14,83,9	20,28,21
ENSMUSG00000000959.7	146,105,205	193,243,259
ENSMUSG00000000976.13	129,134,63	101,109,102
ENSMUSG00000000982.5	0,0,0	0,0,0
ENSMUSG00000000983.13	0,0,0	0,0,0
ENSMUSG00000001014.6	0,0,0	0,0,1
ENSMUSG00000001016.12	111,181,89	225,239,224
ENSMUSG00000001017.15	488,521,465	582,684,709
ENSMUSG00000001018.15	226,191,225	216,324,305
ENSMUSG00000001020.8	207,806,478	212,215,200
ENSMUSG00000001021.12	0,0,0	0,0,4
ENSMUSG00000001023.10	0,7,0	0,0,0
ENSMUSG00000001025.8	527,1295,462	604,719,617
ENSMUSG00000001027.7	932,9,1099	1228,1457,2042
ENSMUSG00000001029.15	50,51,30	40,54,70
ENSMUSG00000001034.17	80,195,68	58,79,54
ENSMUSG00000001036.17	445,444,325	238,275,325
ENSMUSG00000001039.12	10,24,2	9,17,9
ENSMUSG00000001052.15	253,298,156	250,251,322
ENSMUSG00000001053.15	96,61,107	98,114,103
ENSMUSG00000001054.9	92,118,104	112,114,92
ENSMUSG00000001056.3	46,37,59	241,261,257
ENSMUSG00000001062.18	89,95,89	93,127,109
ENSMUSG00000001065.15	199,207,137	75,98,94
ENSMUSG00000001076.7	0,0,0	0,0,0
ENSMUSG00000001082.12	62,72,55	49,65,55
ENSMUSG00000001089.14	505,668,381	389,474,462
ENSMUSG00000001095.5	0,0,0	0,0,0
ENSMUSG00000001098.15	538,568,396	364,493,419
ENSMUSG00000001100.10	302,264,465	370,562,518
ENSMUSG00000001103.7	0,0,0	0,0,0
ENSMUSG00000001105.15	55,140,56	68,76,52
ENSMUSG00000001119.7	2329,8013,3769	2024,2315,1647
ENSMUSG00000001120.15	25,36,19	57,62,77
ENSMUSG00000001123.15	97,153,91	74,73,65
ENSMUSG00000001127.12	328,294,206	186,275,306
ENSMUSG00000001128.7	59,89,26	137,108,121
ENSMUSG00000001131.11	40,88,48	157,167,102
ENSMUSG00000001134.9	22.54,3.66,65.95	19.64,40.21,42.42
ENSMUSG00000001138.13	195,338,117	83,140,121
ENSMUSG00000001143.13	110,114,88	124,186,195
ENSMUSG00000001150.7	321,363,281	197,309,352
ENSMUSG00000001151.10	934,671,1098	626,954,1228
ENSMUSG00000001155.13	0,0,0	0,0,0
ENSMUSG00000001156.9	49,139,71	32,30,41
ENSMUSG00000001157.13	27,41,38	27,19,27
ENSMUSG00000001158.13	96,80,80	112,135,138
ENSMUSG00000001166.17	1,7,2	2,8,0
ENSMUSG00000001168.16	0,0,0	0,0,0
ENSMUSG00000001173.15	93,168,112	103,118,132
ENSMUSG00000001175.14	1511,1449,1078	1463,1796,1921
ENSMUSG00000001211.15	763,563,692	1086,1696,1669
ENSMUSG00000001225.12	0,0,0	0,0,0
ENSMUSG00000001227.12	230,181,132	93,112,134
ENSMUSG00000001228.14	15,23,16	26.61,50,34
ENSMUSG00000001229.9	234,303,210	254,320,297
ENSMUSG00000001240.13	233,361,172	58,100,95
ENSMUSG00000001247.16	36,12,22	18,10,17
ENSMUSG00000001248.15	247,399,241	132,209,230
ENSMUSG00000001249.14	42,1,62	10,13,23
ENSMUSG00000001260.10	0,0,0	0,0,0
ENSMUSG00000001270.9	210,439.18,288	129,218.81,155.9
ENSMUSG00000001280.13	544,921,452	416,512,464
ENSMUSG00000001281.10	17,83,24	25,38,19
ENSMUSG00000001285.12	60,138,27	49,71,70
ENSMUSG00000001288.15	295,1190,317	149,244,152
ENSMUSG00000001289.12	276,277,253.67	253,382,338
ENSMUSG00000001300.16	235,143,187	122,148,186
ENSMUSG00000001305.5	41,55,47	68,93,90
ENSMUSG00000001313.12	31,62,25	28,29,44
ENSMUSG00000001323.17	108,149,62	51,70,94
ENSMUSG00000001333.9	158,11,295	341,458,533
ENSMUSG00000001334.9	322,6,545	181,281,253
ENSMUSG00000001348.15	199,544,112	34,22,74
ENSMUSG00000001349.5	292,4,0	22,117,68
ENSMUSG00000001366.14	191,192,168	166,232,289
ENSMUSG00000001376.17	132,84,64	116,138,145
ENSMUSG00000001380.6	120,168,133	223,298,234
ENSMUSG00000001383.8	88,92,107	109,139,122
ENSMUSG00000001403.13	5,0,4	3,7,16
ENSMUSG00000001415.10	320,310,287	624,858,627
ENSMUSG00000001416.13	384,422,354	1018,1232,1196
ENSMUSG00000001418.13	110,283,141	106,178,131
ENSMUSG00000001419.17	950,757,1288	1379,1595,1804
ENSMUSG00000001420.13	4,2,0	3,2,3
ENSMUSG00000001424.14	463,1019,473	723,906,881
ENSMUSG00000001435.15	1007,477,604	621,867,844
ENSMUSG00000001436.15	34,102,28	44,57,42
ENSMUSG00000001440.5	710,899,716	1147,1370,1490
ENSMUSG00000001441.13	493,436,458	537,700,707
ENSMUSG00000001444.2	2,5,0	2,0,3
ENSMUSG00000001445.10	118,129,127	139,201,174
ENSMUSG00000001467.5	53,77,53	65,61,76
ENSMUSG00000001472.17	1046,1379,908	993,1061,1129
ENSMUSG00000001473.6	136,226,134	1415,1814,1705
ENSMUSG00000001482.15	185,190,175	109,178,197
ENSMUSG00000001493.9	139,390,256	126,186,98
ENSMUSG00000001494.6	1,18,0	0,0,0
ENSMUSG00000001496.15	0,0,0	0,0,0
ENSMUSG00000001497.18	0,6,1	1,4,0
ENSMUSG00000001504.10	0,0,2	0,0,3
ENSMUSG00000001506.10	50925,315250,169794	12992,15723,13997
ENSMUSG00000001507.16	223,61,54	349,265,349
ENSMUSG00000001508.15	314,1,431	346,529,488
ENSMUSG00000001510.8	0,4,0	0,0,1
ENSMUSG00000001517.14	17,15,20	14,19,42
ENSMUSG00000001518.12	48,104,123	118,132,104
ENSMUSG00000001520.12	64,16,4	6.85,17,27.35
ENSMUSG00000001521.12	104,248,130	69,113,83
ENSMUSG00000001524.14	31,93,56	73,133,109
ENSMUSG00000001525.10	866,1493,778	1872,2447,2357
ENSMUSG00000001542.7	95,148,107	122,143,188
ENSMUSG00000001552.14	735,611,858	646,710,752
ENSMUSG00000001555.10	221,909,245	186,192,143
ENSMUSG00000001558.5	0,2,0	0,0,0
ENSMUSG00000001566.9	0,0,0	0,0,0
ENSMUSG00000001569.10	176,133,147	171,209,228
ENSMUSG00000001576.14	240,576,383	447,547,478
ENSMUSG00000001583.13	3,6,2	0,1,2
ENSMUSG00000001588.12	6,0,0	0,3,1
ENSMUSG00000001604.14	433,105,427	256,385,368
ENSMUSG00000001622.15	0,0,0	0,0,0
ENSMUSG00000001627.12	319,257,446	910,781,916
ENSMUSG00000001630.13	182.36,285.01,135	74.3,98,114.92
ENSMUSG00000001632.16	186,323,250	234,255,268
ENSMUSG00000001642.18	385.14,197,433.77	425.39,533.08,461.22
ENSMUSG00000001655.6	2,0,6	1,1,1
ENSMUSG00000001656.3	44,47,58	59,75,86
ENSMUSG00000001657.7	3,25,14	5,8,8
ENSMUSG00000001661.5	18,39,10	20,21,4
ENSMUSG00000001663.10	107,145,61	28,35,30
ENSMUSG00000001665.11	77,65,40	14,19,10
ENSMUSG00000001666.8	73,69,60	26,44,28
ENSMUSG00000001670.13	0,0,0	0,0,0
ENSMUSG00000001672.14	0,0,0	0,0,0
ENSMUSG00000001674.11	103.98,142.02,144.45	171.64,188.43,180.08
ENSMUSG00000001687.15	495,545,525	586,691,764
ENSMUSG00000001700.9	84,172,160	108,169,159
ENSMUSG00000001707.8	35,13,25	116,134,110
ENSMUSG00000001729.14	709,1142,789	950,1202,1097
ENSMUSG00000001739.14	26,0,7	20,34,54
ENSMUSG00000001741.12	284,506,93	71,82,83
ENSMUSG00000001750.15	120,159,86	72,76,76
ENSMUSG00000001751.9	70,211,91	44,72,48
ENSMUSG00000001755.12	110,75,114	70,120,111
ENSMUSG00000001761.7	327,851,386	100,178,136
ENSMUSG00000001763.14	17,0,65	16,26,7
ENSMUSG00000001767.5	110,134,112	121,155,147
ENSMUSG00000001768.16	422,1615,661	168,299,180
ENSMUSG00000001773.14	3,0,0	1,0,0
ENSMUSG00000001774.8	107,64,77	223,211,242
ENSMUSG00000001783.3	222,284,255	254,329,298
ENSMUSG00000001785.13	66,58,77	185,147,156
ENSMUSG00000001786.14	75,196,43	49,62,52
ENSMUSG00000001794.13	736,1072,855	814,1234,1059
ENSMUSG00000001802.16	142,191,165	113,90,115
ENSMUSG00000001804.9	0,0,0	0,0,0
ENSMUSG00000001815.15	0,1,0	0,0,0
ENSMUSG00000001819.4	0,4,0	0,0,0
ENSMUSG00000001823.5	0,0,0	0,0,0
ENSMUSG00000001827.12	9,0,18	0,3,0
ENSMUSG00000001829.17	252,240,224	225,310,339
ENSMUSG00000001833.17	426,538,437	409,436,479
ENSMUSG00000001844.10	85,76,50	41,68,54
ENSMUSG00000001847.14	823,946,719	869,1119,1078
ENSMUSG00000001855.15	269,325,176	248,281,278
ENSMUSG00000001864.13	37,126,9	17,28,71
ENSMUSG00000001865.2	22,57,8	7,13,3
ENSMUSG00000001870.16	501,1791,619	212,327,246
ENSMUSG00000001891.16	1677,218,1878	4785,4657,4864
ENSMUSG00000001901.15	0,0,0	0,0,0
ENSMUSG00000001909.16	166,148,133	223,253,215
ENSMUSG00000001910.4	297,291,269	538,636.59,786.5
ENSMUSG00000001911.16	2444,5023,4014	2507,2987,3398
ENSMUSG00000001918.17	2311,4503,1239	631,678,964
ENSMUSG00000001924.15	937,1155,937	1293,1792,1676
ENSMUSG00000001930.17	3124,1051,856	218,676,319
ENSMUSG00000001942.8	65,129,34	28,46,26
ENSMUSG00000001943.8	17,17,19	3,1,12
ENSMUSG00000001946.14	390,202,178	267,349,345
ENSMUSG00000001948.10	3,5,0	1,2,3
ENSMUSG00000001962.8	114,99,87	107,133,136
ENSMUSG00000001964.14	92,104.55,63.4	167.94,152.88,169.5
ENSMUSG00000001983.7	78,16,120	119,199,199
ENSMUSG00000001985.9	69,7,8	5,7,6
ENSMUSG00000001986.16	112,219,49	30,26,28
ENSMUSG00000001988.9	0,0,0	0,0,0
ENSMUSG00000001995.9	430,286,420	269,315,267
ENSMUSG00000001998.15	80,96,66	53,75,95
ENSMUSG00000001999.15	56,65,13	53,56,55
ENSMUSG00000002006.12	53,174,74	22,50,43
ENSMUSG00000002007.5	70,0,104	182,184,222
ENSMUSG00000002010.17	810,295,758	754,1034,987
ENSMUSG00000002012.13	12,1,10	7,3,3
ENSMUSG00000002014.12	109,210,132	142,236,189
ENSMUSG00000002015.5	220,434,195	197,297,303
ENSMUSG00000002017.10	176,185,129	210,308,268
ENSMUSG00000002020.15	352,2634,535	113,139,116
ENSMUSG00000002028.13	985,1690,950	714,701,715
ENSMUSG00000002031.12	101,216,35	46,74,52
ENSMUSG00000002032.17	30,3,57	10,28,33
ENSMUSG00000002033.14	0,0,0	0,1,0
ENSMUSG00000002043.17	22,62,19	17,12,11
ENSMUSG00000002052.6	552,676,539	568,648,598
ENSMUSG00000002055.9	6,0,8	20,24,26
ENSMUSG00000002057.4	0,0,0	0,0,0
ENSMUSG00000002058.13	13,42,45	10,14,19
ENSMUSG00000002059.18	135,324,84	45,58,47
ENSMUSG00000002064.10	111,124,164	128,162,131
ENSMUSG00000002068.16	3,0,0	2,3,10
ENSMUSG00000002076.11	0,0,0	12,22,14
ENSMUSG00000002083.13	39,96,45	13,13,11
ENSMUSG00000002100.15	0,0,0	1,0,0
ENSMUSG00000002102.15	589,449,790	971,1328,1215
ENSMUSG00000002103.15	163,264,183	123,173,201
ENSMUSG00000002104.11	71,16,120	90,150,128
ENSMUSG00000002105.15	164,375,259	187,273,284
ENSMUSG00000002107.18	438,431,216	322,337,475
ENSMUSG00000002108.10	93,204,122	31,51,65
ENSMUSG00000002109.14	29,41,31	13,13,21
ENSMUSG00000002111.8	25,54,34	51,62,52
ENSMUSG00000002129.11	233,244,248	226,286,290
ENSMUSG00000002147.18	359,717,337	252,348,297
ENSMUSG00000002190.13	0,1,5	0,0,0
ENSMUSG00000002204.9	5,11,7	16,12,7
ENSMUSG00000002205.16	29,81,52	52,99,108
ENSMUSG00000002210.11	59,90,93	146,132,138
ENSMUSG00000002221.11	143,158,97	83,87,122
ENSMUSG00000002222.14	783,886,626	337,605,504
ENSMUSG00000002227.15	34,34,28	12,24,24.46
ENSMUSG00000002228.7	49,0,72	110,113,107
ENSMUSG00000002233.13	170,265,197	574,708,668
ENSMUSG00000002240.12	0,0,0	0,0,0
ENSMUSG00000002249.21	72,96,94	73,73,75
ENSMUSG00000002250.16	148,199,216	160,184,186
ENSMUSG00000002257.8	41,54,20	20,15,12
ENSMUSG00000002265.16	579,865,413	307,282,430
ENSMUSG00000002266.17	23,34,9	21,28,53
ENSMUSG00000002274.12	62,32,37	32,70,66
ENSMUSG00000002279.19	54,46,78	42,68,45
ENSMUSG00000002280.10	107,55,149	174,251,216
ENSMUSG00000002289.16	239,177,65	88,455,240
ENSMUSG00000002297.16	10,5,17	12,9,18
ENSMUSG00000002307.16	110,143,98	65,104,121
ENSMUSG00000002308.16	31,28,45	43,52,66
ENSMUSG00000002319.16	283.61,396.57,357.69	545,737,553
ENSMUSG00000002320.15	162.45,259.69,182.54	146,196,178
ENSMUSG00000002324.8	0,9,0	0,0,0
ENSMUSG00000002325.15	86,210,84	83,85,81
ENSMUSG00000002326.6	36,38,46	34,46,28
ENSMUSG00000002329.7	81,33,73	50,67,64
ENSMUSG00000002332.16	106,85,134	65,81,75
ENSMUSG00000002341.8	3,0,3	0,0,2
ENSMUSG00000002342.17	153,180,144	211,232,255
ENSMUSG00000002343.11	14,48,63	94,87,124
ENSMUSG00000002345.18	15,55,27	17,45,21
ENSMUSG00000002346.16	129,62,77	38,66,65
ENSMUSG00000002365.10	362,702,492	318,409,403
ENSMUSG00000002372.9	229,306,231	308,355,321
ENSMUSG00000002379.7	294,59,220	357,525,442
ENSMUSG00000002384.2	0,0,0	0,0,0
ENSMUSG00000002393.14	167,159,195	147,227,181
ENSMUSG00000002395.14	307,235,375	304,419,434
ENSMUSG00000002396.8	77,105,77	57,74,81
ENSMUSG00000002409.18	299,207,283	92,124,152
ENSMUSG00000002413.15	202,472,212	159,151,159
ENSMUSG00000002416.13	299,83,290.91	223,328,392
ENSMUSG00000002428.12	75,166,38	33,58,58
ENSMUSG00000002455.14	285,326,391	218,289,264
ENSMUSG00000002458.13	25,28,26	33,43,25
ENSMUSG00000002459.17	0,0,0	0,0,0
ENSMUSG00000002475.16	9,27,11	3,1,0
ENSMUSG00000002477.5	28,52,12.74	40.03,58.26,17.36
ENSMUSG00000002486.15	27,44,22	33,19,15
ENSMUSG00000002489.16	130,376,57	125,114,132
ENSMUSG00000002496.10	553,548,552	503,630,634
ENSMUSG00000002500.15	910,0,1203	518,838,900
ENSMUSG00000002504.15	598,483,457	265,442,472
ENSMUSG00000002524.17	336,458,409	352,472,427
ENSMUSG00000002546.16	380,700,536	401,579,582
ENSMUSG00000002550.16	120,443,118	92.97,175.22,172
ENSMUSG00000002565.16	6,78,20	3,5,2
ENSMUSG00000002578.17	3,31,19	6,4,2
ENSMUSG00000002580.7	45,81,55	30,70,75
ENSMUSG00000002588.13	31,173,8	1,9,6
ENSMUSG00000002602.16	1534,5313,1692	1187,1631,1047
ENSMUSG00000002603.15	189,625,209	287,296,237
ENSMUSG00000002608.8	183,294,301	249,337,294
ENSMUSG00000002617.14	38,42,2	16,11,13
ENSMUSG00000002625.9	180,201,194	141,133,155
ENSMUSG00000002633.4	0,0,0	0,0,0
ENSMUSG00000002635.11	39,37,79	69,60,79
ENSMUSG00000002658.9	86,121,115	166,193,190
ENSMUSG00000002660.8	78,104,113	117,175,146
ENSMUSG00000002661.14	34,12,27	43,65,43
ENSMUSG00000002664.2	0,0,0	0,0,0
ENSMUSG00000002668.8	21,1,7	9,2,5
ENSMUSG00000002679.14	22,40,15	22,24,27
ENSMUSG00000002688.8	135,196,117	37,62,67
ENSMUSG00000002699.13	7,35,11	22,23,18
ENSMUSG00000002718.14	204,192,172	538,563,612
ENSMUSG00000002728.14	85.48,91.43,70.91	196.39,222.39,224.27
ENSMUSG00000002731.6	44,40,33	13,24,34
ENSMUSG00000002732.14	36,105,70	20,28,43
ENSMUSG00000002733.8	141,157,63	124,155,152
ENSMUSG00000002741.9	234,299,360	353,434,480
ENSMUSG00000002748.7	870,1224,651	647,788,826
ENSMUSG00000002763.16	186,343,153	138,223,203
ENSMUSG00000002767.13	186,106,198	185,294,282
ENSMUSG00000002768.8	72,125,97	135,189,224
ENSMUSG00000002769.9	6,0,6	2,1,1
ENSMUSG00000002771.12	14,70,21	15,15,9
ENSMUSG00000002778.14	140,466,219	146,230,141
ENSMUSG00000002781.19	169,100,173	95,208,162
ENSMUSG00000002791.16	0,0,0	0,0,0
ENSMUSG00000002797.9	15,18,8	19,21,33
ENSMUSG00000002799.6	313,103,249	385,529,589
ENSMUSG00000002803.14	86,61,59	71,99,124
ENSMUSG00000002804.4	25,13,49	9,11,10
ENSMUSG00000002808.7	316,225,290	891,1309,1364
ENSMUSG00000002812.4	871,990,815	1241,1625,1647
ENSMUSG00000002814.15	61,89,38	45,76,71
ENSMUSG00000002820.6	166,129,172	204,335,294
ENSMUSG00000002825.8	22,49,14	39,35,42
ENSMUSG00000002831.13	7700,5760,4913	3665,4045,7711
ENSMUSG00000002833.11	179,309,257	183,210,185
ENSMUSG00000002835.9	35,23,37	34,51,70
ENSMUSG00000002844.9	137,196,209	172,232,199
ENSMUSG00000002845.14	60,137,80	94,95,76
ENSMUSG00000002846.9	78,55,81	127,202,209
ENSMUSG00000002847.7	38,192,42	37,51,30
ENSMUSG00000002870.8	53,17,33	95,112,147
ENSMUSG00000002871.14	128,185,130	213,189,181
ENSMUSG00000002881.14	249,288,211	166,200,203
ENSMUSG00000002885.14	480,531,338	450,483,493
ENSMUSG00000002897.5	76,188,55	58,63,78
ENSMUSG00000002900.16	817,866,602	569,601,734
ENSMUSG00000002908.17	51,25,30	36,53,43
ENSMUSG00000002910.11	160,284,170	33,62,165
ENSMUSG00000002930.6	0,0,0	0,0,0
ENSMUSG00000002944.15	3057,1425,1910	1068,1892,2083
ENSMUSG00000002948.19	404.76,453,428	340,432,355
ENSMUSG00000002949.15	176,121,245	265,327,389
ENSMUSG00000002957.11	605,1071,606	681,919.55,813
ENSMUSG00000002963.17	138,93,130	100,110,116
ENSMUSG00000002968.9	282,283,338	281,343,302
ENSMUSG00000002980.14	1059,537,506	630,1097,1200
ENSMUSG00000002981.10	429,456,402	515,731,692
ENSMUSG00000002983.17	73,148,79	187,157,124
ENSMUSG00000002984.17	193,168,247	399,520,525
ENSMUSG00000002985.16	2123,3794,1110	547,598,797
ENSMUSG00000002992.17	0,4,0	3,0,1
ENSMUSG00000002996.17	459,378,310	272,324,326
ENSMUSG00000002997.15	418,501,144	44,47,153
ENSMUSG00000003031.14	358,520,292	150,218,173
ENSMUSG00000003032.8	597,1584,554	572,402,297
ENSMUSG00000003033.15	157,152,137	172,193,197
ENSMUSG00000003037.16	114,253,96	130,129,150
ENSMUSG00000003038.15	188.7,295.42,224.17	255.5,301.89,290.61
ENSMUSG00000003039.9	128,198,66	82,122,112
ENSMUSG00000003051.13	7,0,6	18,1,20
ENSMUSG00000003053.17	0,0,0	0,0,0
ENSMUSG00000003062.13	51,87,38	37,75,59
ENSMUSG00000003068.16	603,503,605	377,591,517
ENSMUSG00000003070.6	13,16,3	4,2,4
ENSMUSG00000003072.15	835,417,1031	1240,1808,1662
ENSMUSG00000003099.11	189,217,293	265,421,427
ENSMUSG00000003119.14	301,579,263	287,274,308
ENSMUSG00000003123.15	1181,2174,754	172,352,568
ENSMUSG00000003131.7	236,332,246	263,313,301
ENSMUSG00000003134.10	170,134,109	78,113,87
ENSMUSG00000003135.15	106,104,98	160,168,191
ENSMUSG00000003153.10	42,41,31	20,16,18
ENSMUSG00000003154.15	355,427,355	241,341,314
ENSMUSG00000003161.15	153,253,140	106,153,80
ENSMUSG00000003166.20	316.81,466.73,309	296,407.93,392
ENSMUSG00000003184.15	134,216,143	110,119,153
ENSMUSG00000003190.12	33,43,30	26,22,31
ENSMUSG00000003198.10	18.4,19,7.66	18.4,19.8,12.32
ENSMUSG00000003199.16	157,157,205	64,147,95
ENSMUSG00000003200.10	193,414,191	174,225,161
ENSMUSG00000003206.7	0,0,5	1,1,0
ENSMUSG00000003208.9	29,48,47	43.94,45,45
ENSMUSG00000003226.7	1053,817,828	1143,767,1224
ENSMUSG00000003227.4	9,5,6	2,1,0
ENSMUSG00000003228.8	162,237,115	136,170,146
ENSMUSG00000003233.12	254,415,291	260,338,328
ENSMUSG00000003234.16	228,205,278	277,347,350
ENSMUSG00000003235.13	185,177,191	307,508,439
ENSMUSG00000003269.17	133,244,156	113,160,133
ENSMUSG00000003271.17	0,0,0	1,0,0
ENSMUSG00000003273.14	21,20,6	1,7,7
ENSMUSG00000003279.17	5,20,0	2,0,1
ENSMUSG00000003282.9	9,17,0	1,1,4
ENSMUSG00000003283.14	5,0,18	11,20,10
ENSMUSG00000003299.10	134,90,199	191,233,183
ENSMUSG00000003308.15	330,433,363	398,474,526
ENSMUSG00000003309.14	0,0,0	0,0,0
ENSMUSG00000003316.14	1040,1856,1152	746,979,900
ENSMUSG00000003341.9	1,0,0	0,0,0
ENSMUSG00000003344.14	200,310,200	137,209,200
ENSMUSG00000003345.16	523,729,712	425,597,569
ENSMUSG00000003346.14	233,257,207	193,301,242
ENSMUSG00000003348.10	77,141,75	95,102,80
ENSMUSG00000003352.14	77,71,96	31,16,12
ENSMUSG00000003354.6	0,2,0	0,1,0
ENSMUSG00000003355.7	9,13,10	4,26,21
ENSMUSG00000003360.15	385,472,324	310,483,448
ENSMUSG00000003363.15	180,359,163	95,133,121
ENSMUSG00000003378.9	111,322,130	51,58,48
ENSMUSG00000003379.7	0,0,0	0,1,0
ENSMUSG00000003380.11	521,769,569	475,707,637
ENSMUSG00000003382.18	209,302,297	180,232,191
ENSMUSG00000003402.14	176,346,196	185,310,284
ENSMUSG00000003410.8	0,0,0	1,0,0
ENSMUSG00000003411.10	4,0,8	1,1,2
ENSMUSG00000003418.11	14,5,23	18,21,42
ENSMUSG00000003420.8	451,1400,477	182,284,269
ENSMUSG00000003421.13	127,192,132	127,199,157
ENSMUSG00000003423.15	79,58,74	83,106,99
ENSMUSG00000003429.11	775.04,1099.77,637.74	1054.74,1384.23,1379.71
ENSMUSG00000003435.9	521,550,660	614,757,716
ENSMUSG00000003436.11	0,0,0	0,0,0
ENSMUSG00000003437.14	189,212,179	104,167,157
ENSMUSG00000003438.17	100,176,126	196,295,290
ENSMUSG00000003444.8	42,48,55	58,97,100
ENSMUSG00000003452.15	61,36,17	13,12,9
ENSMUSG00000003458.12	307,351,292	225,250,316
ENSMUSG00000003464.13	356,475,411	365,498,582
ENSMUSG00000003469.9	1,48,30	1,12,0
ENSMUSG00000003476.16	109,2,125	73,50,128
ENSMUSG00000003477.5	135,126,43	15,18,3
ENSMUSG00000003484.4	6,8,0	16,11,10
ENSMUSG00000003500.13	101,139,147	133,195,182
ENSMUSG00000003505.15	0,0,0	0,0,0
ENSMUSG00000003518.13	627,615,693	572,761,671
ENSMUSG00000003526.12	136,244,115	44,46,87
ENSMUSG00000003527.9	94,107,84	58,81,77
ENSMUSG00000003528.15	182,583,61	45,48,39
ENSMUSG00000003531.15	132,142,106	86,129,141
ENSMUSG00000003534.17	266,311,187	149,179,226
ENSMUSG00000003541.6	84,82,77	105,99,42
ENSMUSG00000003545.3	8,17,36	49,54,48
ENSMUSG00000003546.10	85,97,114	95,140,118
ENSMUSG00000003549.9	95,81,83	118,182,165
ENSMUSG00000003555.7	0,0,0	0,0,0
ENSMUSG00000003559.7	93,16,123	72,108,89
ENSMUSG00000003573.15	56,109,105	42,52,63
ENSMUSG00000003575.13	126,233,146	108,121,123
ENSMUSG00000003581.14	87,113,70	48,68,62
ENSMUSG00000003585.13	20,27,7	7,3,19
ENSMUSG00000003604.14	22,23,19	27,24,37
ENSMUSG00000003617.16	431,495,304	69,93,104
ENSMUSG00000003623.4	166,236,99	57,85,95
ENSMUSG00000003644.17	37,48,25	56,37,46
ENSMUSG00000003657.9	0,0,0	0,0,0
ENSMUSG00000003660.10	844,1079,835	874,1133,1147
ENSMUSG00000003662.10	147,116,74	87,140,118
ENSMUSG00000003665.7	4,40,0	13,18,8
ENSMUSG00000003680.15	44,51,25	44,64,47
ENSMUSG00000003721.14	151,119,168	186,269,239
ENSMUSG00000003731.13	446,334,552	606,759,833
ENSMUSG00000003746.16	482,1390,337	238,265,378
ENSMUSG00000003752.9	70,61,38	133,126,113
ENSMUSG00000003762.13	61,107,31	47,70,68
ENSMUSG00000003778.14	180,278,263	164,114,183
ENSMUSG00000003779.15	3,6,16	1,9,12
ENSMUSG00000003808.18	67,89,111	148,126,148
ENSMUSG00000003809.14	97,101,100	52,93,62
ENSMUSG00000003810.12	978,657,1181	1221,1404,1837
ENSMUSG00000003812.13	23,67,11	34,40,21
ENSMUSG00000003813.15	309,216,343	417,575,520
ENSMUSG00000003814.8	1120,2757,1078	1771,2955,1913
ENSMUSG00000003824.12	1,7,2	10,6,4
ENSMUSG00000003847.16	691,1580,735	1379,1079,948
ENSMUSG00000003848.14	114,88,108	156,173,131
ENSMUSG00000003849.8	138,4,156	20,40,30
ENSMUSG00000003863.18	1,0,8	0,2,2
ENSMUSG00000003865.16	1801,324,2307	3307,4446,5002
ENSMUSG00000003868.14	126,170,136	194,260,274
ENSMUSG00000003872.9	0,0,0	0,0,0
ENSMUSG00000003873.11	42,85,32	83.91,106,81
ENSMUSG00000003882.5	6,6,16	2,0,3
ENSMUSG00000003923.14	138,95,129	131,220,225
ENSMUSG00000003929.11	31,65,26	32,33,50
ENSMUSG00000003934.5	43,21,1	0,2,0
ENSMUSG00000003948.17	293.66,330.82,100	63.24,89.6,107.35
ENSMUSG00000003949.16	155,227,156	43,48,85
ENSMUSG00000003955.8	106,58,151	146,166,146
ENSMUSG00000003970.9	1240,1933,1254	2309,3094,2941
ENSMUSG00000003974.6	0,0,0	0,0,0
ENSMUSG00000003992.15	98,149,108	57.51,77,68.89
ENSMUSG00000004018.9	8,1,3	7,7,8
ENSMUSG00000004031.13	23,0,70	2,6,0
ENSMUSG00000004032.10	118,64,147	139,155,208
ENSMUSG00000004035.12	1,6,22	4,6,18
ENSMUSG00000004038.9	1.04,0,0	0,0,0
ENSMUSG00000004040.16	820,983,819	1323,1340,1260
ENSMUSG00000004043.14	170.4,291.55,163.59	99.93,101.91,157.58
ENSMUSG00000004044.9	4782,6503,3103	2691,3959,3867
ENSMUSG00000004054.8	315,315,292	191,237,257
ENSMUSG00000004056.15	884.04,1113.23,796.47	783.25,996.95,1061.38
ENSMUSG00000004069.17	320,233,321	520,814,756
ENSMUSG00000004070.15	119,116,104	178,216,210
ENSMUSG00000004071.13	235,228,235	411,428,474
ENSMUSG00000004085.14	2340,561,2961	3528,4297,5051
ENSMUSG00000004096.9	118,191,134	136,155,207
ENSMUSG00000004098.7	980,453,597	764,735,782
ENSMUSG00000004099.16	192,379,163	246,321,272
ENSMUSG00000004100.12	46,131,62	113,108,134
ENSMUSG00000004105.8	530,1125,741	596,629,549
ENSMUSG00000004110.16	16,9,10	11,20,18
ENSMUSG00000004113.18	0,5,0	2,2,0
ENSMUSG00000004127.12	14,18,14	11,13,29
ENSMUSG00000004151.17	49.97,147.47,83.8	10,40.7,40.85
ENSMUSG00000004187.11	32,55,23	6,4,7
ENSMUSG00000004207.14	3860,5185,3573	2323,3221,2650
ENSMUSG00000004221.16	192,173,230	187,187,235
ENSMUSG00000004231.15	0,0,0	0,0,0
ENSMUSG00000004233.14	28,60,28	34,46,35
ENSMUSG00000004263.15	400.13,748,378	296,341,406.93
ENSMUSG00000004264.17	358,280,561	605,892,898
ENSMUSG00000004266.15	20,82,14	57,57,46
ENSMUSG00000004267.16	28,22,10	49,22,22
ENSMUSG00000004268.11	118,171,88	235,278,247
ENSMUSG00000004270.13	91,117,95	60,105,109
ENSMUSG00000004285.12	115,165,121.54	100,154,145
ENSMUSG00000004296.14	0,0,0	3,0,0
ENSMUSG00000004317.14	48,116,68	73,110,119
ENSMUSG00000004319.15	270,98,217	195,294,336
ENSMUSG00000004328.15	55,14,2	7,9,23
ENSMUSG00000004341.8	0,0,0	0,0,0
ENSMUSG00000004344.12	0,0,0	0,0,0
ENSMUSG00000004347.16	3,0,4	7,8,22
ENSMUSG00000004356.8	179,267,179	310,383,359
ENSMUSG00000004359.16	0,0,0	0,0,0
ENSMUSG00000004360.9	88,158,127	52,55,104
ENSMUSG00000004364.14	566,422,586	566,668,846
ENSMUSG00000004366.4	0,0,0	0,0,0
ENSMUSG00000004371.15	3,0,0	1,1,2
ENSMUSG00000004383.18	372,255,379	388,433,431
ENSMUSG00000004393.10	166,108,215	266,321,244
ENSMUSG00000004394.12	273,284,298	267,392,397
ENSMUSG00000004415.15	28,0,49	18,8,9
ENSMUSG00000004446.12	17,42,3	9,12,32
ENSMUSG00000004451.14	149,216,207	183,242,229
ENSMUSG00000004455.16	343.93,363.31,316.39	439.14,642.67,630.98
ENSMUSG00000004460.17	162,342,219	212,380,255
ENSMUSG00000004462.7	39,48,15	22,33,54
ENSMUSG00000004473.10	119,856,210	71,84,49
ENSMUSG00000004500.9	81,100,81	42,58,61
ENSMUSG00000004508.6	352,726,457	327,420,313
ENSMUSG00000004530.12	396,843,515	427,468.91,445
ENSMUSG00000004535.12	495,482,406	422,504,605
ENSMUSG00000004540.7	1,0,0	2,0,0
ENSMUSG00000004542.15	0,0,0	0,0,0
ENSMUSG00000004552.16	0,0,0	0,0,0
ENSMUSG00000004558.15	3095,479,3826	2896,4053,4229
ENSMUSG00000004561.14	25,29,18	47,53,60
ENSMUSG00000004562.16	410,997,412	264,353,312
ENSMUSG00000004565.15	131,165,113	44,58,58
ENSMUSG00000004567.16	80,115,106	74,102,95
ENSMUSG00000004568.12	188,502,240	176,231,201
ENSMUSG00000004591.16	414,335,369	385,383,488
ENSMUSG00000004609.11	16,61,39	21,15,23
ENSMUSG00000004610.4	742.85,387,785	663,1102.71,738.68
ENSMUSG00000004612.9	0,0,0	0,1,0
ENSMUSG00000004626.14	42,19,27	27,31,30
ENSMUSG00000004630.18	0,0,0	0,0,0
ENSMUSG00000004631.15	107,195,132	68,79,61
ENSMUSG00000004633.17	36,27,31	27,31,14
ENSMUSG00000004637.15	39,60,42	21,34,38
ENSMUSG00000004642.13	47,96,41	49,53,47
ENSMUSG00000004651.6	0,0,0	0,0,0
ENSMUSG00000004654.6	0,5,0	0,0,0
ENSMUSG00000004655.5	3869,1042,2989	1951,3067,2506
ENSMUSG00000004661.15	39,46,16	22,29,15
ENSMUSG00000004665.10	190,391,281	245,258,190
ENSMUSG00000004667.18	129,154,167	204,257,260
ENSMUSG00000004668.14	0,0,0	0,0,0
ENSMUSG00000004677.17	498,1038,458	449,508,423
ENSMUSG00000004698.10	41,17,73	53,38,51
ENSMUSG00000004707.14	1,2,0	1,4,8
ENSMUSG00000004709.14	4,6,5	13,5,8
ENSMUSG00000004730.15	60,100,49	81,79,91
ENSMUSG00000004748.5	60,32,99	87,200,141
ENSMUSG00000004768.14	96,242,86	70,68,83
ENSMUSG00000004771.12	236,178,180	162,258,278
ENSMUSG00000004788.11	86,109,96	135,169,168
ENSMUSG00000004789.10	861,346,1127	1436,1986,1985
ENSMUSG00000004791.7	19,49,19	52,36,46
ENSMUSG00000004798.14	551,537,401	215,380,434
ENSMUSG00000004814.10	2,19,4	2,4,5
ENSMUSG00000004815.12	77,129,110	46,72,79
ENSMUSG00000004821.1	0,0,0	0,0,0
ENSMUSG00000004837.2	44,61,60	22,31,41
ENSMUSG00000004842.18	0,0,0	0,0,0
ENSMUSG00000004843.7	121,160,135	130,136,154
ENSMUSG00000004846.10	302,484,263	283,344,363
ENSMUSG00000004849.14	52,147,67	92,140,143
ENSMUSG00000004864.13	0,0,4	0,0,0
ENSMUSG00000004865.16	188,240,161	244,241,266
ENSMUSG00000004872.15	1,0,0	0,0,0
ENSMUSG00000004880.11	224,225,222	201,282,274
ENSMUSG00000004885.5	6,0,8	3,1,1
ENSMUSG00000004891.16	830,150,1571	1532,1629,1345
ENSMUSG00000004892.13	0,0,10	0,0,0
ENSMUSG00000004894.10	2,0,3	1,0,1
ENSMUSG00000004895.9	196,239,226	262,353,332
ENSMUSG00000004896.16	37,69,20	33,29,44
ENSMUSG00000004897.16	697,804,825	964,1287,1185
ENSMUSG00000004902.7	1,0,0	2,0,0
ENSMUSG00000004929.12	98,160,120	148,160,189
ENSMUSG00000004931.11	304,308,434	365,522,449
ENSMUSG00000004933.17	10,8,0	2,6,6
ENSMUSG00000004934.14	79,165,115	141,162,134
ENSMUSG00000004936.8	211,291,285	292,390,319
ENSMUSG00000004937.6	385,259,372	472,625,555
ENSMUSG00000004939.7	38,2,20	1625,2245,1534
ENSMUSG00000004945.15	271,225,203	262,322,331
ENSMUSG00000004947.15	85,183,90	59,67,62
ENSMUSG00000004948.12	0,0,0	0,0,0
ENSMUSG00000004951.10	1057.54,526,1402.21	5517.43,4933.98,4748.22
ENSMUSG00000004952.13	477,200,395	122,142,113
ENSMUSG00000004961.7	0,0,0	2,0,3
ENSMUSG00000004980.16	691,703,554	705,762,742
ENSMUSG00000004988.9	0,0,0	0,0,0
ENSMUSG00000004994.12	34,33,15	35,59,40
ENSMUSG00000004996.9	60,79,97	84,113,106
ENSMUSG00000005034.15	320,360,276	328,367,425
ENSMUSG00000005043.13	83,189,89	48,84,89
ENSMUSG00000005045.16	36,323,73	5,10,3
ENSMUSG00000005054.7	36,49,39	41,56,53
ENSMUSG00000005057.13	66,180,38	78,57,79
ENSMUSG00000005069.12	233,291,288	226,254,266
ENSMUSG00000005078.16	32,111,45	58,78,68
ENSMUSG00000005087.17	168,355,238	575,597,408
ENSMUSG00000005089.15	3,13,0	0,4,5
ENSMUSG00000005102.13	100,148,91	63,62,99
ENSMUSG00000005103.12	627,563,771	1628,1883,2156
ENSMUSG00000005107.13	12,16,9	11,13,21
ENSMUSG00000005124.10	43,39,34	83,61,42
ENSMUSG00000005125.13	1386,1200,553	270,360,144
ENSMUSG00000005131.4	2,0,3	0,2,0
ENSMUSG00000005142.10	242,430,298	178,179,205
ENSMUSG00000005148.8	155,131,114	113,154,110
ENSMUSG00000005150.16	58,30,62	52,88,81
ENSMUSG00000005161.15	369,381,450	409,688.84,607.92
ENSMUSG00000005198.15	637,772,575	617,665,617
ENSMUSG00000005202.2	0,0,0	0,0,0
ENSMUSG00000005204.12	168,235,167	204,243,211
ENSMUSG00000005220.10	0,0,9	0,3,0
ENSMUSG00000005225.15	90,80,62.29	71.92,79.92,100.34
ENSMUSG00000005232.11	0,0,0	0,0,0
ENSMUSG00000005233.16	2,0,0	0,3,1
ENSMUSG00000005237.14	13,32,2	7,5,6
ENSMUSG00000005251.15	0,0,0	0,0,8
ENSMUSG00000005262.13	154,171,148	206,262,212
ENSMUSG00000005267.13	44,33,14	21,17,23
ENSMUSG00000005268.20	16,26,0	6,1,5
ENSMUSG00000005299.6	395,309,512	451,695,650
ENSMUSG00000005312.15	436,521,454	575,721,674
ENSMUSG00000005320.9	6,2,5	23,32,49
ENSMUSG00000005338.13	347,989.27,135	151,121,70
ENSMUSG00000005339.10	0,1,0	0,0,0
ENSMUSG00000005354.16	408,218,421	681,923,901
ENSMUSG00000005355.9	0,0,0	0,0,0
ENSMUSG00000005357.9	0,0,3	3,0,0
ENSMUSG00000005360.14	386,991,147	99,107,205
ENSMUSG00000005362.14	173,127,131	92,87,121
ENSMUSG00000005364.11	1,0,0	0,0,0
ENSMUSG00000005370.4	123,168,70	91,80,72
ENSMUSG00000005371.15	259,356,212	232,244,262
ENSMUSG00000005373.13	266,271,315	276,211,283
ENSMUSG00000005374.13	126,277,158	128,157,176
ENSMUSG00000005378.17	36,49,83	94,111,79
ENSMUSG00000005397.8	2425.15,4806.38,2031.47	1460,1672.59,1641.71
ENSMUSG00000005410.6	20,37,18	52,90,63
ENSMUSG00000005413.8	96,105,69	198,168,164
ENSMUSG00000005417.17	2087.42,2380.63,1551.61	1378.68,1723.86,1825.78
ENSMUSG00000005442.13	799,1244,875	571,722,774
ENSMUSG00000005447.12	0,11,0	9,8,29
ENSMUSG00000005465.9	3,3,1	4,3,3
ENSMUSG00000005469.10	604,413,699	484,792,783
ENSMUSG00000005470.8	6,0,4	11,10,12
ENSMUSG00000005474.9	0,0,0	8,9,23
ENSMUSG00000005481.18	49,30,56	129,167,168
ENSMUSG00000005483.10	111,205,94	132,141,109
ENSMUSG00000005493.15	0,0,6	2,1,0
ENSMUSG00000005501.14	129,154,105	133,159,183
ENSMUSG00000005503.8	0,0,0	0,0,0
ENSMUSG00000005505.12	53,37,48	47,69,90
ENSMUSG00000005506.16	627,598,699	744,934,1006
ENSMUSG00000005510.9	420.74,100,462.5	440.35,663.95,726.66
ENSMUSG00000005514.14	507,999,242	274,292,432
ENSMUSG00000005533.10	520,782,372	619,684,649
ENSMUSG00000005534.10	1040,757,843	767,1022,897
ENSMUSG00000005540.10	0,0,2	0,0,0
ENSMUSG00000005547.14	0,0,0	0,0,0
ENSMUSG00000005553.14	0,0,0	0,0,0
ENSMUSG00000005566.14	389,472,450	445,588,462
ENSMUSG00000005575.16	161,200,223	285,408,381
ENSMUSG00000005580.11	358,240,343	291,296,359
ENSMUSG00000005583.16	2209,260,2893	1821,2469,3231
ENSMUSG00000005609.16	159,177,153	150,172,174
ENSMUSG00000005610.17	3533,2642,3473	4323,4892,6243
ENSMUSG00000005611.15	176,139,139	39,122,111
ENSMUSG00000005615.15	469,482,493	592,736,800
ENSMUSG00000005621.11	395,519,409	368,468,449
ENSMUSG00000005625.15	462,408,576	809,1014,950
ENSMUSG00000005628.12	736,3,894	725,889,1028
ENSMUSG00000005640.11	0,0,0	0,0,1
ENSMUSG00000005649.17	0,0,2	0,0,0
ENSMUSG00000005656.9	109,195,115	95,133,99
ENSMUSG00000005667.8	23,71,100	88,134,79
ENSMUSG00000005672.12	42,62,34	29,31,29
ENSMUSG00000005674.9	149,77,94	168,243,255
ENSMUSG00000005677.14	0,0,0	0,0,0
ENSMUSG00000005681.12	0,0,0	6,0,0
ENSMUSG00000005682.9	138,112,105	63,80,99
ENSMUSG00000005683.8	1855,721,2312	2121,3010,3130
ENSMUSG00000005686.17	288,183,236	756,638,619
ENSMUSG00000005687.14	103,35,74	83,133,102
ENSMUSG00000005696.11	0,0,0	0,0,0
ENSMUSG00000005698.15	265,381,239	220,247,281
ENSMUSG00000005699.16	19,23,4	9,25,11
ENSMUSG00000005705.10	0,0,2	13,8,6
ENSMUSG00000005716.16	2575,24,2109	4249,2869,4624
ENSMUSG00000005718.8	41,64,8	14,21,40
ENSMUSG00000005732.14	73,129,96	169,227,175
ENSMUSG00000005763.15	4,22,11	3,1,1
ENSMUSG00000005774.12	64,95,33	27,45,37
ENSMUSG00000005779.12	434,354,585	778,1001,877
ENSMUSG00000005800.3	0,0,2	0,0,0
ENSMUSG00000005802.12	160,243,121	268,273,355
ENSMUSG00000005803.14	102,130,99	48,62,50
ENSMUSG00000005804.14	67,100,106	88,112,139
ENSMUSG00000005813.12	212,76,115	320,356,430
ENSMUSG00000005823.9	163,421,183	135,196,178
ENSMUSG00000005824.7	0,2,0	6,2,2
ENSMUSG00000005836.10	48,25,17	6,17,10
ENSMUSG00000005846.12	191,165,160	434,447,495
ENSMUSG00000005864.7	1,6,0	0,0,0
ENSMUSG00000005871.14	682,802,695	560,466.93,773.77
ENSMUSG00000005873.5	690,1160,705	442,649,537
ENSMUSG00000005881.13	184,506,267	133,181,132
ENSMUSG00000005882.18	215,60,226	387,490,442
ENSMUSG00000005883.15	0,0,0	0,0,0
ENSMUSG00000005886.14	418,665,357	212,256,377
ENSMUSG00000005891.7	0,0,0	0,0,0
ENSMUSG00000005892.4	0,0,0	0,0,0
ENSMUSG00000005893.14	411,609,340	215,313,348
ENSMUSG00000005897.14	86,62,42	49,44,49
ENSMUSG00000005899.14	105,101,86	76,103,133
ENSMUSG00000005907.14	50,49,98	65,66,53
ENSMUSG00000005917.15	0,0,0	0,0,0
ENSMUSG00000005936.19	304,429,247	241,271,233
ENSMUSG00000005947.11	0,9,22	4,0,1
ENSMUSG00000005949.9	59,114,40	66,62,39
ENSMUSG00000005950.14	68,51,80	184,204,212
ENSMUSG00000005951.13	50,47,11	9,13,7
ENSMUSG00000005952.15	6,19,2	3,3,16
ENSMUSG00000005958.15	89,321,130	65,77,58
ENSMUSG00000005968.14	25,173,36	15,10,2
ENSMUSG00000005973.6	211,312,118	109,144,131
ENSMUSG00000005980.15	0,0,0	0,0,0
ENSMUSG00000005981.11	398,336,386	475,583,580
ENSMUSG00000005982.13	173,394,174.01	147,192,189
ENSMUSG00000005983.15	11,3,9	11,21,37
ENSMUSG00000005986.15	16,5,0	6,1,3
ENSMUSG00000005994.14	0,0,0	0,0,0
ENSMUSG00000006005.18	734,683,783	814,480,1219
ENSMUSG00000006007.14	0,0,0	0,0,0
ENSMUSG00000006010.14	157,226,143	109,126,178
ENSMUSG00000006014.16	370,5182,1174	798,950,525
ENSMUSG00000006019.15	105,171,67	62,79,83
ENSMUSG00000006021.5	29,41,30	12,36,24
ENSMUSG00000006024.13	339,393,305	536,585,639
ENSMUSG00000006050.11	232,240,211	177,213,264
ENSMUSG00000006056.13	0,0,0	0,0,0
ENSMUSG00000006057.15	1006,128,1125.16	1136.9,1680.55,1705.06
ENSMUSG00000006058.10	77.46,41,68	68,106.5,70
ENSMUSG00000006095.12	112,117,157	135,202,199
ENSMUSG00000006127.9	184,241,125	119,169,147
ENSMUSG00000006134.4	291,289,269	348,441,391
ENSMUSG00000006143.12	0,0,0	1,0,0
ENSMUSG00000006154.13	48,19,7	12,7,12
ENSMUSG00000006169.19	325,573,427	361,465,362
ENSMUSG00000006179.9	1,0,0	0,0,0
ENSMUSG00000006191.17	116,137,98	157,127,187
ENSMUSG00000006200.3	0,0,0	0,0,0
ENSMUSG00000006204.6	0,0,0	0,0,0
ENSMUSG00000006205.13	345,1406,500	127,182,193
ENSMUSG00000006215.12	161,109,234	197,349,266
ENSMUSG00000006216.10	0,0,0	10,4,5
ENSMUSG00000006218.4	0,7,12	3,2,2
ENSMUSG00000006219.12	81,23,26	24,48,35
ENSMUSG00000006221.7	4026,59,6495	30209,30205,34645
ENSMUSG00000006235.6	5,1,3	1,6,0
ENSMUSG00000006241.16	10,17,4	2,4,0
ENSMUSG00000006262.15	176,186,175	210,196,273
ENSMUSG00000006269.7	0,0,0	0,0,0
ENSMUSG00000006270.7	0,0,0	0,0,0
ENSMUSG00000006273.14	318,301,275	863,1000,821
ENSMUSG00000006276.10	231,394,238	214,262,209
ENSMUSG00000006281.8	231,470,163	148,162,194
ENSMUSG00000006288.8	85.92,198,46	51,73,61
ENSMUSG00000006289.14	111,94,81	120,120,156
ENSMUSG00000006299.13	303,360,252	312,426,349
ENSMUSG00000006301.17	445,794,475	655,881,749
ENSMUSG00000006304.14	369,595,365	678,760.99,770
ENSMUSG00000006307.16	438,525,458	305,357,367
ENSMUSG00000006310.10	0,1,0	0,0,0
ENSMUSG00000006311.8	0,0,0	0,0,0
ENSMUSG00000006313.5	0,0,0	0,4,7
ENSMUSG00000006315.9	165,92,197	190,347,261
ENSMUSG00000006333.14	1120.15,1487.74,975	1406.46,2057.74,1911.45
ENSMUSG00000006335.16	28,44,35	44,57,49
ENSMUSG00000006342.15	118,159,88	44,75,79
ENSMUSG00000006344.17	56,83,55	38,70,51
ENSMUSG00000006345.10	0,0,0	0,0,0
ENSMUSG00000006356.10	446,731,363	337,523,488
ENSMUSG00000006360.11	700,1263,506	612,785,709
ENSMUSG00000006362.16	311,185,357	144,218,155
ENSMUSG00000006369.14	416,4489,814	338,651,111
ENSMUSG00000006373.10	224,424,192	124,137,141
ENSMUSG00000006378.15	19.31,30,30.78	24,27.43,44
ENSMUSG00000006386.15	425,328,244	123,222,185
ENSMUSG00000006389.13	5,0,0	0,0,0
ENSMUSG00000006390.15	115,185,40	75,86,71
ENSMUSG00000006392.16	88,108,81	131,165,144
ENSMUSG00000006395.16	18,59,0	5,18,16
ENSMUSG00000006398.15	11,45,18	5,13,9
ENSMUSG00000006403.13	20,6,8	139,96,80
ENSMUSG00000006411.12	1,0,7	4,2,3
ENSMUSG00000006412.10	77,22,81	100,154,139
ENSMUSG00000006418.17	131,124,113	187,207,178
ENSMUSG00000006423.15	115.98,178.97,49	66.36,95.75,91.6
ENSMUSG00000006435.15	342,28,533	684,844,766
ENSMUSG00000006442.10	71,159,113	196,206,174
ENSMUSG00000006445.3	129,101,74	108,127,126
ENSMUSG00000006456.10	178.2,363.64,201.04	225.11,207.5,209.09
ENSMUSG00000006457.3	5396.73,35,4588	9329,7249,13462.36
ENSMUSG00000006462.6	22,39,12	13,10,12
ENSMUSG00000006463.13	15,59,38	17,12,17
ENSMUSG00000006464.8	53,102,35	33,46,41
ENSMUSG00000006469.13	0,0,0	0,0,0
ENSMUSG00000006471.18	80,178.1,59.78	56.38,77.01,63.58
ENSMUSG00000006476.19	215,284,153	149,169,175
ENSMUSG00000006488.17	0,0,0	0,0,0
ENSMUSG00000006490.3	0,0,0	0,0,0
ENSMUSG00000006494.11	387,191,472	440,498,580
ENSMUSG00000006498.16	430,865.84,401	570,647.48,567
ENSMUSG00000006517.5	52,25,62	60,55,77
ENSMUSG00000006519.11	60,148,123	111,105,72
ENSMUSG00000006522.17	3,0,1	2,1,0
ENSMUSG00000006526.13	118,286,182	64,98,92
ENSMUSG00000006527.16	148,129,132	123,107,145
ENSMUSG00000006529.16	0,0,0	0,0,0
ENSMUSG00000006538.12	0,21,0	0,0,0
ENSMUSG00000006542.13	61,1,77	32,47,73
ENSMUSG00000006546.3	0,0,0	0,0,0
ENSMUSG00000006567.11	2,0,0	0,0,0
ENSMUSG00000006570.3	0,0,0	0,0,0
ENSMUSG00000006574.15	0,0,1	0,0,1
ENSMUSG00000006575.14	3,0,0	0,0,0
ENSMUSG00000006576.16	189,144,259	155,185,165
ENSMUSG00000006585.3	15,29,24	25,62,38
ENSMUSG00000006586.15	45,154,36	30,50,35
ENSMUSG00000006587.6	153,0,149	170,225,251
ENSMUSG00000006589.8	83,73,86	155,124,145
ENSMUSG00000006599.13	115,169,135	141,133,169
ENSMUSG00000006611.15	109,205,77	57,76,88
ENSMUSG00000006638.14	13,33,2	0,6,2
ENSMUSG00000006641.12	29,121,26	46,74,83
ENSMUSG00000006642.3	0,0,0	0,3,0
ENSMUSG00000006649.17	0,0,0	0,0,0
ENSMUSG00000006651.8	20,34,22	18,24,25
ENSMUSG00000006673.14	344.6,478,383	419.82,475,489
ENSMUSG00000006675.10	19,51,17	15,13,20
ENSMUSG00000006676.16	913,774,1134	795,929,1001
ENSMUSG00000006678.6	41,76,40	45,27,58
ENSMUSG00000006699.17	632,821,670	783,991,874
ENSMUSG00000006705.12	68,96,88	124,147,137
ENSMUSG00000006711.15	0,0,0	0,0,0
ENSMUSG00000006715.11	17,7,13	8,9,7
ENSMUSG00000006717.7	149,62,215	100,172,200
ENSMUSG00000006720.16	8,3,0	1,0,2
ENSMUSG00000006724.12	0,0,0	4,0,0
ENSMUSG00000006728.12	135,228,94	191,306,219
ENSMUSG00000006731.10	46,19,34	60,64,36
ENSMUSG00000006732.14	28,49,33	140,144,88
ENSMUSG00000006736.9	108,169,108	158,172,159
ENSMUSG00000006740.14	1064,799,1169	1689,1561,2210
ENSMUSG00000006763.14	29,48,31	24,33,36
ENSMUSG00000006764.8	0,0,0	0,1,0
ENSMUSG00000006777.7	0,0,0	0,0,0
ENSMUSG00000006782.16	417,143,48	93,53,69
ENSMUSG00000006784.14	0,0,1	11,6,3
ENSMUSG00000006800.14	558,945,454	290,524,357
ENSMUSG00000006818.5	903,370,912	892,1203,1353
ENSMUSG00000006850.7	32,69,33	14,23,24
ENSMUSG00000006906.10	54,108,44	43,43,65
ENSMUSG00000006920.14	448,672,299	185,277,278
ENSMUSG00000006930.15	7,5,6	4,0,0
ENSMUSG00000006931.15	78,382,123	41,86,62
ENSMUSG00000006932.17	1938,2366,1932	1318,1880,1510
ENSMUSG00000006941.5	98,87,115	138,198,151
ENSMUSG00000006948.7	0,0,0	0,0,0
ENSMUSG00000006958.14	107,438,64	30,33,62
ENSMUSG00000006998.16	932.36,570,1039.91	1509.65,2170.38,1970.18
ENSMUSG00000007021.5	0,0,0	0,1,1
ENSMUSG00000007029.16	311,311,365	563,681,638
ENSMUSG00000007030.8	77,1,180	41,86,62
ENSMUSG00000007033.4	211.83,11.18,246.28	438.54,489.31,450.91
ENSMUSG00000007034.15	1,0,0	0,0,0
ENSMUSG00000007035.15	0,6,0	3,1,0
ENSMUSG00000007036.15	295,257,225	163,233,259
ENSMUSG00000007038.5	112,127,106	149,142,163
ENSMUSG00000007039.12	119,190,133	72,101,65
ENSMUSG00000007041.9	189,458,190	252,309,271
ENSMUSG00000007050.17	11,30,9	34,54,58
ENSMUSG00000007080.14	43,29,32	26,53,67
ENSMUSG00000007097.14	7763,1987,8838	12856,14347,17500
ENSMUSG00000007107.6	0,0,0	2,0,1
ENSMUSG00000007122.11	2463,16,2925	2742,3037,4020
ENSMUSG00000007207.10	21,27,8	11,12,7
ENSMUSG00000007209.4	0,0,0	0,0,0
ENSMUSG00000007216.6	51,62,105	58,75,64
ENSMUSG00000007279.14	178,327,380	108,130,106
ENSMUSG00000007338.9	93,109,69	94,108,102
ENSMUSG00000007379.15	23,25,6	7,12,20
ENSMUSG00000007411.16	375,348,331	321,468,491
ENSMUSG00000007415.15	298,235,240	233,325,332
ENSMUSG00000007440.10	0,0,0	1,0,0
ENSMUSG00000007457.3	0,0,0	0,0,0
ENSMUSG00000007458.14	233,326,140	254.02,340,313
ENSMUSG00000007476.18	685.31,661.05,562	556.69,664.55,596.45
ENSMUSG00000007480.3	2,0,0	4,2,3
ENSMUSG00000007564.15	466,413,604	554,966,722
ENSMUSG00000007570.16	85,169,86	73,72,102
ENSMUSG00000007589.9	98,87,89	96,105,131
ENSMUSG00000007591.15	3,0,0	2,0,2
ENSMUSG00000007594.10	0,0,0	0,0,1
ENSMUSG00000007603.9	136,178,127	102,118,131
ENSMUSG00000007610.15	77,91,63	104,121,105
ENSMUSG00000007613.15	262,366,266	272,299,236
ENSMUSG00000007617.18	242,99,268	336,380,487
ENSMUSG00000007646.13	3,0,0	0,3,3
ENSMUSG00000007653.12	2,0,11	0,2,0
ENSMUSG00000007655.16	1992,1508,996	975,1516,1699
ENSMUSG00000007656.13	283,193,271	443,561,507
ENSMUSG00000007659.18	414,350,264	332,320,547
ENSMUSG00000007670.10	451,869,519	492,627,467
ENSMUSG00000007682.6	61,373,160	48,19,59
ENSMUSG00000007721.6	133,107,168	137,226,187
ENSMUSG00000007739.10	318,414,393	746,971,917
ENSMUSG00000007777.9	34,14,21	21,45,45
ENSMUSG00000007783.10	42,94,41	9,19,18
ENSMUSG00000007805.4	34,138,37	25,37,21
ENSMUSG00000007812.16	145,207,132	180,171,176
ENSMUSG00000007815.13	946.91,1656.14,914.45	964.64,1340.49,1149.5
ENSMUSG00000007817.15	792,1268,722	576,634,601
ENSMUSG00000007827.10	55,85,56	37,20,50
ENSMUSG00000007833.15	68,147,80	69,113,116
ENSMUSG00000007836.6	442,673,576	485,656,518
ENSMUSG00000007837.11	25,26,9	15,22,14
ENSMUSG00000007850.16	260,446,222	333,314,346
ENSMUSG00000007867.9	25,35,21	25,32,29
ENSMUSG00000007872.3	553,781,487	250,338,195
ENSMUSG00000007877.2	4565,4,5138	3546,3554,4358
ENSMUSG00000007880.16	824,1110,787	765,799,824
ENSMUSG00000007888.15	90,97,126	105,158,109
ENSMUSG00000007891.16	1923,2024,2032	3005,4030.4,3569.37
ENSMUSG00000007892.8	1481.36,2362.73,1591.2	2621.5,3490.27,3378.66
ENSMUSG00000007907.4	0,0,0	0,0,0
ENSMUSG00000007908.14	6,1,0	5,2,5
ENSMUSG00000007944.8	0,0,0	0,0,0
ENSMUSG00000007946.11	0,0,0	0,0,0
ENSMUSG00000007950.9	95,265,103	58,96,80
ENSMUSG00000007987.12	42,51,34	24,61,39
ENSMUSG00000007989.7	77,17,1	19,11,16
ENSMUSG00000008028.15	0,0,0	0,0,0
ENSMUSG00000008035.12	434,283,347	1550,921,933
ENSMUSG00000008036.11	131,195,144	140,213,186
ENSMUSG00000008090.14	359,425,309	168,241,295
ENSMUSG00000008129.14	1,0,0	2,0,0
ENSMUSG00000008136.14	81,30,107	135,183,152
ENSMUSG00000008140.17	219,454,244	185,314,295
ENSMUSG00000008153.11	27,53,13	3,1,2
ENSMUSG00000008167.14	40,27,19	16,23,15
ENSMUSG00000008193.13	0,0,0	0,1,0
ENSMUSG00000008200.14	210,214,205	154,128,171
ENSMUSG00000008206.16	121,119,91	43,34,94
ENSMUSG00000008226.14	83,61,122	83,81,126
ENSMUSG00000008301.11	90,152,111	98,121,114
ENSMUSG00000008305.18	257.51,260,151.28	172,232,243
ENSMUSG00000008307.11	1,0,1	0,0,0
ENSMUSG00000008318.10	34,0,63	227,205,153
ENSMUSG00000008333.12	30,29,37	51,62,49
ENSMUSG00000008348.9	2963,2560,2827	5178,5437,4639
ENSMUSG00000008373.16	101,114,69	110,136,181
ENSMUSG00000008384.8	76,73,93	161,148,156
ENSMUSG00000008393.9	311,553,390	274,346.69,274
ENSMUSG00000008398.15	310,388,339	154,294,226
ENSMUSG00000008429.8	234,303,271	283,342,379
ENSMUSG00000008435.15	78,60,138	124,203,181
ENSMUSG00000008438.3	1,0,0	2,0,2
ENSMUSG00000008450.8	0,37.78,7.73	48.86,75.72,34.35
ENSMUSG00000008461.6	0,0,0	0,0,0
ENSMUSG00000008475.13	275,466,200	243,284,249.89
ENSMUSG00000008482.9	0,0,0	1,0,1
ENSMUSG00000008489.18	0,0,5	0,0,0
ENSMUSG00000008496.19	3,13,14	4,6,4
ENSMUSG00000008540.11	360,737,301	101,147,151
ENSMUSG00000008575.17	1504,2033,1342	1113,1271,1627
ENSMUSG00000008590.4	0,0,0	0,0,0
ENSMUSG00000008601.12	0,0,0	0,0,0
ENSMUSG00000008604.11	377,360,372	464,656,677
ENSMUSG00000008658.16	219,5,212	99,150,166
ENSMUSG00000008668.15	970.6,1338.6,886.05	1749.46,2284.71,2026.41
ENSMUSG00000008682.13	432.24,558.42,501.95	1088.91,1567.39,1275.88
ENSMUSG00000008683.16	365.11,413.99,345.86	738.58,887.07,795.45
ENSMUSG00000008690.15	272.9,334,359.59	309,426.52,396
ENSMUSG00000008730.17	1524,1601,1225	793,957,1106
ENSMUSG00000008734.9	401,605,194	560,626,647
ENSMUSG00000008763.16	258,452,285	182,252,320
ENSMUSG00000008789.10	0,0,0	0,0,0
ENSMUSG00000008813.13	1,1,0	0,1,0
ENSMUSG00000008822.15	21,28,16	11,23,28
ENSMUSG00000008843.4	0,0,0	0,0,0
ENSMUSG00000008845.9	211,410,143	161,143,249
ENSMUSG00000008855.17	751,830,842	441,563,610
ENSMUSG00000008859.8	167,124,96	112,161,168
ENSMUSG00000008874.3	20,3152,182	3,2,0
ENSMUSG00000008892.12	574.3,239.98,516.36	729.84,1027.91,972.91
ENSMUSG00000008932.9	1,0,8	0,0,0
ENSMUSG00000008958.14	107,127,95	138,128,134
ENSMUSG00000008976.16	235,232,142	168,195,186
ENSMUSG00000008999.7	7,48,0	1,3,3
ENSMUSG00000009013.5	189,253,175	335,501,432
ENSMUSG00000009030.14	92,71,44	50,56,65
ENSMUSG00000009035.15	268,655,221	305,358,317
ENSMUSG00000009047.3	0,0,0	0,0,0
ENSMUSG00000009070.14	0,0,0	0,0,0
ENSMUSG00000009073.16	602,759,775	586,781,788
ENSMUSG00000009075.2	0,0,0	0,0,0
ENSMUSG00000009076.10	37,55,20	41,75,42
ENSMUSG00000009079.16	514.21,597.37,513.69	522.5,616.57,583.52
ENSMUSG00000009090.17	359,342,423	749,856,978
ENSMUSG00000009092.5	0,2,0	0,1,0
ENSMUSG00000009093.7	2,0,0	0,0,0
ENSMUSG00000009097.10	82,19,102	57,81,80
ENSMUSG00000009108.15	0,0,0	1,0,0
ENSMUSG00000009112.4	361,262,483	506,697,782
ENSMUSG00000009114.17	4,0,2	0,1,2
ENSMUSG00000009115.5	0,0,0	0,0,0
ENSMUSG00000009145.6	6,9,2	1,11,4
ENSMUSG00000009185.2	2,17,0	10,0,8
ENSMUSG00000009207.15	118,113,89	177,181,230
ENSMUSG00000009210.10	1,0,9	1,1,3
ENSMUSG00000009214.9	0,0,0	0,10,35
ENSMUSG00000009216.7	0,0,0	0,0,0
ENSMUSG00000009246.14	0,0,0	0,0,0
ENSMUSG00000009248.6	2,0,0	0,0,0
ENSMUSG00000009281.6	358,1526,388	114,123,135
ENSMUSG00000009291.13	688,1131,507	769,973,861
ENSMUSG00000009292.18	13,0,7	9,9,2
ENSMUSG00000009293.17	444,270,591	745,1163.95,993.88
ENSMUSG00000009350.13	0,0,0	0,0,0
ENSMUSG00000009356.12	0,0,0	0,0,0
ENSMUSG00000009376.15	177,390,86	175,189,175
ENSMUSG00000009378.3	14,6,15	15,38,34
ENSMUSG00000009394.13	23,37,30	5,9,18
ENSMUSG00000009406.13	59,102,65	43,48,67
ENSMUSG00000009418.15	634,1504,501	478,603.74,508
ENSMUSG00000009470.17	614.29,770.26,494	824.9,866.88,889.17
ENSMUSG00000009471.4	34,0,126	135,228,135
ENSMUSG00000009487.10	0,0,13	3,1,5
ENSMUSG00000009535.13	106,120,70	139,162,184
ENSMUSG00000009545.14	22,24,2	8,4,13
ENSMUSG00000009549.14	166,124,203	163,264,203
ENSMUSG00000009551.2	0,0,0	0,0,0
ENSMUSG00000009555.16	165,200,149	103,105,166
ENSMUSG00000009563.16	58,109,32	45,86,71
ENSMUSG00000009566.12	35,53,72	69,86,85
ENSMUSG00000009569.14	708,629,322	333,343,481
ENSMUSG00000009575.14	546,1051,445	412,612,609
ENSMUSG00000009580.15	0,0,0	0,0,0
ENSMUSG00000009585.18	86,79,54	45,35,36
ENSMUSG00000009588.9	0,0,0	0,0,0
ENSMUSG00000009596.9	0,0,0	0,0,0
ENSMUSG00000009614.16	80,133,75	33,45,54.11
ENSMUSG00000009621.18	160,197,63	55,58,64
ENSMUSG00000009628.14	0,0,0	1,3,0
ENSMUSG00000009630.10	123,115,80	138,179,193
ENSMUSG00000009633.3	375,325,560	95,196,308
ENSMUSG00000009640.11	70,86,64	86,121,110
ENSMUSG00000009646.13	2,33,2	2,2,0
ENSMUSG00000009647.13	255,233,246	412,534,619
ENSMUSG00000009654.4	0,37,3	1,3,2
ENSMUSG00000009670.11	0,0,3	0,0,0
ENSMUSG00000009681.10	387,1131,447	211,234,165
ENSMUSG00000009687.14	90,315,124	187,182,138
ENSMUSG00000009731.4	13,39,7	7,8,9
ENSMUSG00000009733.9	71,89,97	50,80,68
ENSMUSG00000009734.18	0,0,0	0,0,0
ENSMUSG00000009739.17	148,315,143	120,110,119
ENSMUSG00000009741.15	235,297,180	153,224,237
ENSMUSG00000009772.15	50,111,87	79,77,32
ENSMUSG00000009828.15	194,429,167	101,122,158
ENSMUSG00000009863.14	1020,259,1167	1119,1661,1502
ENSMUSG00000009876.13	16,12,24	18,7,26
ENSMUSG00000009894.15	99,142,95	254,265,253
ENSMUSG00000009900.7	0,0,0	0,0,0
ENSMUSG00000009905.5	191,212,139	95,113,129
ENSMUSG00000009907.17	180,294.76,154.95	184.92,206.93,192
ENSMUSG00000009927.9	626.75,1043.04,682.96	1309.63,1699.62,1748.83
ENSMUSG00000009941.10	0,0,0	0,0,0
ENSMUSG00000009995.17	153,146,124	120,175,169
ENSMUSG00000010021.13	73,1,0	8,7,0
ENSMUSG00000010025.19	145,240,136	101,136,119
ENSMUSG00000010044.12	0,0,0	0,2,0
ENSMUSG00000010045.2	134,248,182	149,260,196
ENSMUSG00000010047.12	103,127,79	115,173,106
ENSMUSG00000010048.10	86,88,109	222,277,297
ENSMUSG00000010051.15	92.07,255.96,55.31	18.55,35.13,43.87
ENSMUSG00000010054.4	107,90,122	110,145,155
ENSMUSG00000010057.8	30,25,28	21,55,25
ENSMUSG00000010064.15	361,21,411	424,382,465
ENSMUSG00000010066.15	9,43,29	8,14,6
ENSMUSG00000010067.13	113,164,130	173,129,117
ENSMUSG00000010080.15	1,0,12	1,0,1
ENSMUSG00000010086.17	0,0,0	0,0,0
ENSMUSG00000010095.13	404,308,273	331,404,286
ENSMUSG00000010097.14	458,521,430	330,338,419
ENSMUSG00000010110.17	186,377,137	177,163,137
ENSMUSG00000010122.14	38,0,18	143,138,182
ENSMUSG00000010136.14	0,0,0	0,0,0
ENSMUSG00000010142.12	2,0,7	11,8,5
ENSMUSG00000010154.7	37,0,0	2,2,0
ENSMUSG00000010175.13	133,115,157	124,181,189
ENSMUSG00000010205.11	206.93,309.01,255.68	220.41,271.41,219.29
ENSMUSG00000010277.7	1733,1759,1825	1477,1984,2334
ENSMUSG00000010290.7	115,83,200	99,136,122
ENSMUSG00000010307.7	48,51,73	25,37,34
ENSMUSG00000010311.15	0,0,0	1,2,2
ENSMUSG00000010342.16	0,0,0	5,2,0
ENSMUSG00000010358.13	70,107,50	51,74,55
ENSMUSG00000010362.9	69,54,50	24,43,29
ENSMUSG00000010376.15	148,118,125	160,221,188
ENSMUSG00000010392.8	178,134,160	138,192,183
ENSMUSG00000010406.12	68,52,42	91,145,90
ENSMUSG00000010435.7	0,0,0	0,0,0
ENSMUSG00000010453.12	482,522,530	537,542,590
ENSMUSG00000010461.15	76,144,68	81,74,68
ENSMUSG00000010476.14	227,478,207	63,87,104
ENSMUSG00000010492.10	64,0,79	17,24,27
ENSMUSG00000010505.16	0,0,0	0,0,0
ENSMUSG00000010517.7	323,247,332	430,583,734
ENSMUSG00000010529.6	0,3,6	2,0,4
ENSMUSG00000010538.14	3,0,0	2,5,6
ENSMUSG00000010554.14	75,102,135	176,206,216
ENSMUSG00000010592.9	0,0,0	0,0,0
ENSMUSG00000010601.14	0,0,0	0,0,0
ENSMUSG00000010607.8	58,48,76	28,49,45
ENSMUSG00000010608.15	264,213,170	258,214,258
ENSMUSG00000010609.15	75,92,97	39,30,59
ENSMUSG00000010651.4	12.92,68.28,8.78	1.25,2.8,1.2
ENSMUSG00000010660.3	148,301,148	95,122,149
ENSMUSG00000010663.4	309,747,283	169,223,108
ENSMUSG00000010721.15	108,137,68	30,40,60
ENSMUSG00000010751.15	25.65,2.46,8.05	29.43,39.94,43.51
ENSMUSG00000010755.17	162,160,162	255,306,267
ENSMUSG00000010760.5	0,0,0	0,0,0
ENSMUSG00000010796.11	0,0,0	0,0,0
ENSMUSG00000010797.6	3,37,0	8,8,3
ENSMUSG00000010803.13	3,0,9	2,0,0
ENSMUSG00000010825.17	0,0,0	0,0,0
ENSMUSG00000010830.8	65,122,66	49,74,40
ENSMUSG00000010841.13	0,0,0	0,0,0
ENSMUSG00000010911.12	46,26,24	22,57,23
ENSMUSG00000010914.10	238,32,268	300,388,412
ENSMUSG00000010936.11	142,231,135	228,254,248
ENSMUSG00000011008.13	2,5,9	6,3,2
ENSMUSG00000011034.6	0,0,0	0,0,0
ENSMUSG00000011052.6	0,0,0	0,0,1
ENSMUSG00000011096.17	302,247,294	313,437,435
ENSMUSG00000011114.18	186,402,207	299,330,346
ENSMUSG00000011118.4	0,0,0	0,0,0
ENSMUSG00000011148.14	1509,2,1938	2611,2937,3252
ENSMUSG00000011154.17	0,0,0	0,0,0
ENSMUSG00000011158.8	235,291,227	146,191,204
ENSMUSG00000011171.11	17,68,60	14,12,8
ENSMUSG00000011179.8	431.91,313.44,434.42	2229.63,2008.49,2027.04
ENSMUSG00000011254.16	9,21,19	29,15,17
ENSMUSG00000011256.16	127,283,213	120,109,132
ENSMUSG00000011257.19	713.07,212.9,878.39	1662.23,2040.84,2145.34
ENSMUSG00000011263.16	106,65,62	51,64,38
ENSMUSG00000011267.8	5,0,0	3,3,3
ENSMUSG00000011305.11	149,16,211	49,239,232
ENSMUSG00000011306.7	132,171,169	115,135,148
ENSMUSG00000011349.5	0,0,0	0,0,0
ENSMUSG00000011350.15	0,0,0	0,0,0
ENSMUSG00000011382.8	200,256.72,70.11	48.13,73,89
ENSMUSG00000011427.16	94,196,78	77,111,106
ENSMUSG00000011463.5	2,6,0	0,0,0
ENSMUSG00000011486.14	0,0,0	0,0,0
ENSMUSG00000011589.9	0,0,0	0,0,0
ENSMUSG00000011632.7	0,0,0	0,0,0
ENSMUSG00000011658.16	41,71,21	24,44,39
ENSMUSG00000011751.16	4,0,0	0,1,4
ENSMUSG00000011752.6	194.95,317.68,212.82	275.43,423.94,319.9
ENSMUSG00000011831.16	235.36,256,148	130,137.62,175
ENSMUSG00000011832.15	150,206,174	122,152,212
ENSMUSG00000011837.4	46,71,67	48,61,68
ENSMUSG00000011877.13	495,460,531	520,707,700
ENSMUSG00000011884.13	130,298,136	77,98,91
ENSMUSG00000011958.17	366,369,393	327,465,394
ENSMUSG00000011960.12	276,342,232	200,233,230
ENSMUSG00000012017.4	368,1067,629	187,242,161
ENSMUSG00000012042.8	0,0,0	0,0,0
ENSMUSG00000012076.8	78,69,49	53,67,86
ENSMUSG00000012114.17	184,295,294	269,342,279
ENSMUSG00000012117.13	115,170,100	89,145,106
ENSMUSG00000012123.17	0,0,0	0,0,0
ENSMUSG00000012126.16	0,0,0	1,3,6
ENSMUSG00000012187.13	6,11,0	0,0,0
ENSMUSG00000012211.13	0,0,0	0,1,0
ENSMUSG00000012282.2	0,0,0	0,0,0
ENSMUSG00000012296.16	170,174,273	225,333,305
ENSMUSG00000012350.15	0,0,0	0,0,0
ENSMUSG00000012396.12	0,0,0	0,0,0
ENSMUSG00000012405.16	964.51,1090.53,837.84	1718.86,2305.48,2157.25
ENSMUSG00000012422.14	147,158,103	177,205,226
ENSMUSG00000012428.9	771,994,510	384,463,711
ENSMUSG00000012429.9	51,56,45	48,52,43
ENSMUSG00000012443.3	9,10,0	7,7,26
ENSMUSG00000012483.4	12,7,28	8,17,28
ENSMUSG00000012519.14	26,36,17	27,28,19
ENSMUSG00000012520.10	0,0,0	0,0,0
ENSMUSG00000012535.14	271,242,254	402,479,520
ENSMUSG00000012609.19	91,119,71	54,85,48
ENSMUSG00000012640.16	102,120,63	76,87,103
ENSMUSG00000012705.16	271,645,91	35,27,44
ENSMUSG00000012777.14	0,0,0	0,0,0
ENSMUSG00000012819.15	63,71,88	20,25,26
ENSMUSG00000012848.15	1202,1645,1272	2132,2925,2781
ENSMUSG00000012889.8	0,0,0	0,0,0
ENSMUSG00000013033.16	495,535,419	242,327,288
ENSMUSG00000013076.17	3723,2406,4072	4186,4334,5066
ENSMUSG00000013083.8	0,0,0	0,0,0
ENSMUSG00000013089.15	80,283.67,116	48,101.32,73.16
ENSMUSG00000013091.5	0,0,0	0,0,0
ENSMUSG00000013150.15	57,71,33	23,55,74
ENSMUSG00000013155.10	6,17,13	8,14,13
ENSMUSG00000013158.6	0,0,0	0,0,0
ENSMUSG00000013160.7	165,393,152	370,506,415
ENSMUSG00000013236.17	941,2517,1197	428,599,412
ENSMUSG00000013275.9	503,277,645	399,554,461
ENSMUSG00000013338.16	0,0,0	0,0,0
ENSMUSG00000013353.10	0,0,0	0,0,0
ENSMUSG00000013367.5	7,18,7	1,0,4
ENSMUSG00000013415.9	0,0,0	0,0,0
ENSMUSG00000013418.8	0,0,0	0,0,0
ENSMUSG00000013419.7	1002,718,1507	890,1254,1347
ENSMUSG00000013465.19	162,290,161	153,229,160
ENSMUSG00000013483.14	21,14,18	233,46,49
ENSMUSG00000013495.15	48,95,54	14,48,41
ENSMUSG00000013523.13	62,0,0	6,2,0
ENSMUSG00000013539.14	55,54,82	58,70,59
ENSMUSG00000013562.12	0,0,0	0,0,0
ENSMUSG00000013584.5	33,57,18	155,119,133
ENSMUSG00000013593.12	1504,504,1834	1765,2293,2368
ENSMUSG00000013611.14	0,0,0	0,0,0
ENSMUSG00000013622.15	108,153,116	105,170,158
ENSMUSG00000013629.16	168,538,143	312,387,304
ENSMUSG00000013643.13	0,0,0	0,0,0
ENSMUSG00000013646.17	199,171,145	121,161,184
ENSMUSG00000013653.2	0,0,0	0,0,0
ENSMUSG00000013662.5	225,183,194	444,498,473
ENSMUSG00000013663.7	1236,1378,864	772,916,1141
ENSMUSG00000013668.9	0,0,0	0,0,0
ENSMUSG00000013698.12	567,922,539	304,451,366
ENSMUSG00000013701.13	116.6,112.3,172.65	429.93,547.97,634.8
ENSMUSG00000013707.3	5,27,3	16,9,9
ENSMUSG00000013736.16	62,35,100	100,99,144
ENSMUSG00000013766.11	0,0,0	0,0,0
ENSMUSG00000013787.15	581,865,598	297,452,334
ENSMUSG00000013822.7	112,102,119	91,104,108
ENSMUSG00000013833.15	188,146,274	183,220,198
ENSMUSG00000013846.10	394,985,306	351,351,326
ENSMUSG00000013858.14	482,518,593	552,805,743
ENSMUSG00000013878.18	72.42,30.77,122.29	81,76,101
ENSMUSG00000013921.15	135,338,112	43,82,39
ENSMUSG00000013928.13	0,0,0	0,0,0
ENSMUSG00000013936.12	4995,6,5157	4160,5409,4518
ENSMUSG00000013973.12	136,98,119	156,182,188
ENSMUSG00000013974.3	0,0,0	5,0,0
ENSMUSG00000013997.10	56,66,55	79,78,95
ENSMUSG00000014030.15	4,0,0	0,0,0
ENSMUSG00000014039.18	64,107,137	46,58,64
ENSMUSG00000014074.17	152,145,117	92,112,131
ENSMUSG00000014075.15	7,11,5	4,8,7
ENSMUSG00000014077.13	559,900.7,380	329,490.23,485
ENSMUSG00000014104.12	0,0,0	0,0,0
ENSMUSG00000014158.12	88,221,62	67,72,48
ENSMUSG00000014164.15	65,60,21	11,16,28
ENSMUSG00000014177.10	55,122,28	40,52,65
ENSMUSG00000014195.15	270,229,261	345,377,402
ENSMUSG00000014198.15	2,17,0	0,1,2
ENSMUSG00000014226.10	105,101,165	211,251,263
ENSMUSG00000014232.14	55,93,54.88	51,69,54
ENSMUSG00000014243.5	38,2,24	19,60,48
ENSMUSG00000014245.8	24,31,10	13,23,19
ENSMUSG00000014294.4	376,195,443	323,485,537
ENSMUSG00000014301.13	21.43,67,27.47	56.02,26.83,71.88
ENSMUSG00000014303.13	229,834,243	97,124,83
ENSMUSG00000014313.15	665.76,134,664	649,782,699
ENSMUSG00000014329.14	389,1215,397	304,372,221
ENSMUSG00000014349.7	265,377,235	314,463,380
ENSMUSG00000014351.12	0,0,0	0,0,0
ENSMUSG00000014353.14	193,225,138	158,178,188
ENSMUSG00000014355.10	597,833,585	533,647,651
ENSMUSG00000014361.5	188,301,128	95,60,122
ENSMUSG00000014402.15	107,144,91	100,149,151.14
ENSMUSG00000014418.16	124,250,153	94,106,112
ENSMUSG00000014426.9	318,319,387	319,422,385
ENSMUSG00000014444.17	670,1293,802	477,677,565
ENSMUSG00000014453.4	0,0,0	0,2,0
ENSMUSG00000014470.4	155,139,213	132,160,164
ENSMUSG00000014496.8	368,336,422	556,517,510
ENSMUSG00000014498.9	550,346,631	1103,1265,1227
ENSMUSG00000014503.14	5,4,9	1,4,5
ENSMUSG00000014504.16	56,62,89	87,124,92
ENSMUSG00000014529.9	0,0,0	0,0,0
ENSMUSG00000014542.3	0,0,0	0,0,0
ENSMUSG00000014543.14	0,0,0	0,0,0
ENSMUSG00000014547.10	256,490,232	193,191,241
ENSMUSG00000014550.14	178,243,179	215,224,303
ENSMUSG00000014551.8	72,61,64	83,84,91
ENSMUSG00000014554.13	40,76,70	36,73,35
ENSMUSG00000014592.20	236,12,413	381,456,614
ENSMUSG00000014599.10	280,1067,355	575,331,241
ENSMUSG00000014601.13	155,157,203	170,226,229
ENSMUSG00000014602.15	305,15,40	31,29,20
ENSMUSG00000014603.3	0,0,0	0,0,0
ENSMUSG00000014606.14	478,154,471	403,746,700
ENSMUSG00000014609.16	1,0,0	0,0,0
ENSMUSG00000014633.15	21,9,33	28,35,33
ENSMUSG00000014668.15	111,86,124	68,93,117
ENSMUSG00000014686.8	1,0,0	0,0,0
ENSMUSG00000014704.10	7.23,0,0	0,3,2
ENSMUSG00000014725.16	0,0,0	0,0,0
ENSMUSG00000014747.6	0,0,0	0,0,0
ENSMUSG00000014748.13	204,317,217	214,279,319
ENSMUSG00000014763.8	150,178,140	132,150,153
ENSMUSG00000014767.17	74,121,58	47,49,48
ENSMUSG00000014769.10	277,257,387	484,734.99,621
ENSMUSG00000014771.13	24,23,46	45,34,47
ENSMUSG00000014773.13	123,66,54	47,90,66
ENSMUSG00000014776.7	248,51,292	484,633,616
ENSMUSG00000014778.10	187,158,235	462,369,384
ENSMUSG00000014782.16	2,0,0	2,3,1
ENSMUSG00000014786.8	10,15,9	11,15,16
ENSMUSG00000014791.10	17,32,16	10,9,18
ENSMUSG00000014813.9	37,36,10	40,32,16
ENSMUSG00000014837.15	3,11,16	13,10,11
ENSMUSG00000014846.12	569,1059,378	406,782,571
ENSMUSG00000014850.15	84,125,77	42,57,77
ENSMUSG00000014852.16	0,0,0	0,0,0
ENSMUSG00000014856.12	27,45,22	54,103,93
ENSMUSG00000014859.9	91,172,142	251,294,350
ENSMUSG00000014867.9	553,906,730	998,1354,1131
ENSMUSG00000014873.15	34,42,36	85,94,68
ENSMUSG00000014905.4	141,116,124	297,337,211
ENSMUSG00000014907.10	67,61,81	59.86,98.83,84
ENSMUSG00000014932.15	136,116,78	76,103,114
ENSMUSG00000014956.15	1101,631,1084	1298,1642,1845
ENSMUSG00000014959.12	257,298,355	447,547,518
ENSMUSG00000014980.14	20.16,45,32	70,69,54
ENSMUSG00000015001.17	0,0,0	0,0,0
ENSMUSG00000015002.18	345,348,381	321.97,361,520
ENSMUSG00000015013.9	53,53,52	40,93,66
ENSMUSG00000015016.8	105,103,128	64,116,87
ENSMUSG00000015023.7	146.35,241.59,218.28	165.73,220.9,233.48
ENSMUSG00000015027.11	47,51,54	72,106,70
ENSMUSG00000015053.14	147,64,75	70,72,75
ENSMUSG00000015083.11	5,0,5	0,0,0
ENSMUSG00000015085.8	238,383,119	53,61,88
ENSMUSG00000015087.14	498,456,600	441,721,653
ENSMUSG00000015090.13	0,0,0	0,0,1
ENSMUSG00000015092.9	170,218,188.81	230,309,245
ENSMUSG00000015093.15	0,0,0	1,0,0
ENSMUSG00000015094.16	198,682,249	125,152,130
ENSMUSG00000015095.12	196,165,236	213,311,326
ENSMUSG00000015112.15	5,23,8	17,19,17
ENSMUSG00000015120.15	320,416.26,365	300.46,436,337.15
ENSMUSG00000015126.9	43,48,24	57,59,55
ENSMUSG00000015127.14	109,217,119	77,92,98
ENSMUSG00000015133.17	568,1715,666	280,396,236
ENSMUSG00000015134.15	48,244,22	10,23,17
ENSMUSG00000015143.15	829,1116,745	752,828,624
ENSMUSG00000015149.14	406,381,363	326,419,416
ENSMUSG00000015165.16	604,646,501	516,782,752
ENSMUSG00000015176.10	152,183,176	409,398,336
ENSMUSG00000015189.12	145,74,129	140,153,180
ENSMUSG00000015202.13	78,179,87	68,90,63
ENSMUSG00000015214.14	167,145,145	244,235,298
ENSMUSG00000015217.11	47.12,5.56,18.45	38.15,66.76,62.25
ENSMUSG00000015222.17	90,527,159	36,71,54
ENSMUSG00000015224.10	30,24,5	6,7,1
ENSMUSG00000015242.14	0,0,0	0,0,0
ENSMUSG00000015243.4	1056,2039,761	399,378,448
ENSMUSG00000015247.10	6,36,7	33,47,27
ENSMUSG00000015289.4	65,34,76	63,76,95
ENSMUSG00000015290.15	154,119,123	290,420.06,412.57
ENSMUSG00000015291.10	314,419,201	210,291,332
ENSMUSG00000015305.6	851,1164,946	506,570,493
ENSMUSG00000015312.9	55,93,46	142,146,84
ENSMUSG00000015314.10	0,0,0	3,0,2
ENSMUSG00000015316.11	0,0,0	0,1,0
ENSMUSG00000015335.16	4,22,19	7,14,12
ENSMUSG00000015337.5	120,73,118	85,154,144
ENSMUSG00000015340.10	55,60,67	65,61,68
ENSMUSG00000015341.17	101,167,83	130,161,158.06
ENSMUSG00000015342.6	31,7,35	29,40,46
ENSMUSG00000015354.8	105,1288,75	55,97,53
ENSMUSG00000015355.13	6,60,0	10,19,16
ENSMUSG00000015357.10	301,131,273	219,237,297
ENSMUSG00000015363.13	204,223,217	258,357,323
ENSMUSG00000015365.15	0,0,0	0,0,0
ENSMUSG00000015377.10	77,35,52	50,55,67
ENSMUSG00000015396.4	13,40,35	7,18,6
ENSMUSG00000015401.12	0,5,0	1,0,0
ENSMUSG00000015405.15	3,0,3	2,4,8
ENSMUSG00000015437.5	0,0,0	1,0,1
ENSMUSG00000015441.4	0,0,0	0,0,0
ENSMUSG00000015443.9	0,0,0	0,0,0
ENSMUSG00000015451.16	2.61,1.34,1.29	3.92,2.61,3.88
ENSMUSG00000015452.14	4,0,4	1,0,0
ENSMUSG00000015461.15	129,165,126	109,178,136
ENSMUSG00000015467.14	19.54,0,6	8,2,1
ENSMUSG00000015468.14	347,209,267	178,249,301
ENSMUSG00000015474.16	114.83,104.91,140	81,144,142
ENSMUSG00000015476.6	3,17,0	3,3,2
ENSMUSG00000015478.13	51,63,15	48,69,74
ENSMUSG00000015484.3	0,0,0	0,0,0
ENSMUSG00000015488.14	105,183,131	146,186,180
ENSMUSG00000015501.10	917,1748,975	790,767,829
ENSMUSG00000015519.12	0,0,0	0,0,0
ENSMUSG00000015522.18	519,676,389	405,417,424
ENSMUSG00000015533.9	29,249,106	18,32,12
ENSMUSG00000015536.14	153,242,172	97,109,108
ENSMUSG00000015542.17	39,40,51	51,46,68
ENSMUSG00000015568.16	5870,2723,4692	1207,2147,2372
ENSMUSG00000015575.14	143,223,125	115,160,109
ENSMUSG00000015579.4	0,0,0	0,0,0
ENSMUSG00000015597.17	230,310,226	154,165,238
ENSMUSG00000015599.9	6,0,3	0,0,0
ENSMUSG00000015605.6	273,151,388	543,687,625
ENSMUSG00000015619.10	23,0,11	1,2,0
ENSMUSG00000015627.5	0,0,0	0,0,0
ENSMUSG00000015647.9	1168,450,574	839,998,1079
ENSMUSG00000015652.9	0,4,0	1,1,0
ENSMUSG00000015653.13	46,86,29	22,17,15
ENSMUSG00000015656.17	5218.91,4936.92,5215.24	16213.24,12912.97,9989.26
ENSMUSG00000015659.12	33,54,26	40,33,34
ENSMUSG00000015665.8	0,0,0	0,0,0
ENSMUSG00000015668.13	34,76,41	23,50,29
ENSMUSG00000015671.11	255,210,240	344.74,476,357
ENSMUSG00000015672.4	62,51,56	64,84,85
ENSMUSG00000015697.14	149.99,169,167	162.94,159,178.79
ENSMUSG00000015702.13	4,2,11	1,0,11
ENSMUSG00000015709.9	130,98,287	21,11,0
ENSMUSG00000015711.8	222,93,246	157,257,216
ENSMUSG00000015714.11	256,373,262	187,185,165
ENSMUSG00000015721.18	0,0,0	0,0,0
ENSMUSG00000015733.13	443,299,505	542,653,714
ENSMUSG00000015745.9	152,129,131	523,371,452
ENSMUSG00000015747.5	41,91,29	35,63,83
ENSMUSG00000015748.13	104,98,73	94,114,116
ENSMUSG00000015749.12	235,191,297	363,457,504
ENSMUSG00000015750.15	333.66,445,363	361,529.86,486.85
ENSMUSG00000015755.16	422,467,431	394,508,585
ENSMUSG00000015757.10	79,104,120	74,80,86
ENSMUSG00000015759.11	120,165,92	120,179,163
ENSMUSG00000015766.14	184,340,104	194,164,197
ENSMUSG00000015776.12	143,263,153	126,166,136
ENSMUSG00000015787.15	0,0,0	0,0,0
ENSMUSG00000015790.16	92,138,105	77,114,99
ENSMUSG00000015804.14	120,103,86	117,200,140
ENSMUSG00000015806.12	163,136,105	103,135,137
ENSMUSG00000015812.8	2,0,0	3,4,1
ENSMUSG00000015829.13	0,1,0	1,0,0
ENSMUSG00000015837.15	2118,1925,2232	4137,5021,3977
ENSMUSG00000015839.6	283,435,231	281,322,257
ENSMUSG00000015843.10	56,35,95	43,34,77
ENSMUSG00000015846.14	779,873,777	513,809,795
ENSMUSG00000015850.11	392,785,315	225,255,410
ENSMUSG00000015852.13	21,55,23	27,23,37
ENSMUSG00000015854.7	0,0,0	0,0,0
ENSMUSG00000015869.16	95,192,83	79,80,95
ENSMUSG00000015879.8	10,0,28	1,3,0
ENSMUSG00000015880.13	2,0,8	2,2,8
ENSMUSG00000015882.17	38,45,28	58,51,54
ENSMUSG00000015889.8	157,224,160	105,163,120
ENSMUSG00000015890.2	0,0,0	0,1,0
ENSMUSG00000015932.8	760,1048,342	290,490,371
ENSMUSG00000015937.15	204,222,197	216,278,308
ENSMUSG00000015942.9	34,83,31	52,59,45
ENSMUSG00000015943.11	32,33,20	51,44,51
ENSMUSG00000015944.9	348,264,390	121,254,233
ENSMUSG00000015947.10	5,10,1	32,20,6
ENSMUSG00000015950.13	37,97,38	92,98,83
ENSMUSG00000015957.12	55,137,47	88,60,88
ENSMUSG00000015961.8	103,161,68	121,98,131
ENSMUSG00000015962.5	8,0,0	0,0,0
ENSMUSG00000015966.17	5,6,4	0,0,1
ENSMUSG00000015968.17	7,26,12	25,12,23
ENSMUSG00000015970.19	178,336,87	19,19,66
ENSMUSG00000015971.5	174,131,112	108,185,125
ENSMUSG00000015980.14	10,0,7	3,8,0
ENSMUSG00000015981.12	12,58,43	22,23,7
ENSMUSG00000015994.10	237,276,245	276,347,345
ENSMUSG00000016018.4	232,271,169	251,299,281
ENSMUSG00000016024.9	354,1400,270	119,165,76
ENSMUSG00000016028.10	75,75,74	12,16,10
ENSMUSG00000016087.13	248,250,175	125,182,235
ENSMUSG00000016128.14	364,376,166	236,175.6,167.91
ENSMUSG00000016150.15	0,0,0	0,0,0
ENSMUSG00000016179.11	1,0,0	7,2,16
ENSMUSG00000016181.9	77,78,82	84,96,107
ENSMUSG00000016194.14	56,48,28	19,22,57
ENSMUSG00000016200.14	3,0,0	2,1,4
ENSMUSG00000016206.6	18.19,43,9	9,12,10
ENSMUSG00000016239.11	41,71,75	72,59,50
ENSMUSG00000016252.7	879,293,901	938,1287,1182
ENSMUSG00000016253.12	94,91,104	77,146,115
ENSMUSG00000016255.5	1,0,0	1,2,0
ENSMUSG00000016256.10	278,709,300	336,329,296
ENSMUSG00000016257.15	143,90,139	290,354,413
ENSMUSG00000016262.14	61,431,106	43,35,43
ENSMUSG00000016283.13	0,0,0	0,0,0
ENSMUSG00000016308.12	85,72,60	61,81,79
ENSMUSG00000016319.3	352.97,501.77,310	763.09,963.94,1034.61
ENSMUSG00000016327.9	41,0,138	151,83,151
ENSMUSG00000016344.14	70,92,67	46,62.61,65
ENSMUSG00000016346.17	0,0,0	0,0,0
ENSMUSG00000016349.10	3392,16,4335	3378,4506,4072
ENSMUSG00000016356.18	21,30,27	9,20,13
ENSMUSG00000016382.15	599,1462,582	544,633,657
ENSMUSG00000016386.15	5,22,9	14,18,17
ENSMUSG00000016409.4	100,56,89	76,102,99
ENSMUSG00000016427.7	133,76,153	123,176,159
ENSMUSG00000016458.14	0,0,0	0,0,0
ENSMUSG00000016477.18	73,67,71	98,106,110
ENSMUSG00000016481.15	213,289,209	120.83,167,137.74
ENSMUSG00000016487.15	645,928,880	854,965,999
ENSMUSG00000016493.13	13,50,11	8,8,14
ENSMUSG00000016494.9	688,2319,701	497,801,645
ENSMUSG00000016495.12	60,63,46	29,46,39
ENSMUSG00000016496.7	42,49,25	10,16,4
ENSMUSG00000016498.9	0,0,0	0,0,0
ENSMUSG00000016503.17	75,100,108	80,141,128
ENSMUSG00000016510.11	105,131,80	84,83,112
ENSMUSG00000016520.7	125,247,140	53,90,86
ENSMUSG00000016524.12	0,0,0	0,0,0
ENSMUSG00000016526.8	11,0,0	0,1,0
ENSMUSG00000016528.10	1317,459,1857	1598,2350,2125
ENSMUSG00000016529.5	0,0,0	0,0,0
ENSMUSG00000016534.15	670,1140,666	695,794,824
ENSMUSG00000016541.10	250,390,254	395,585,536
ENSMUSG00000016552.13	25,19,9	20,20,21
ENSMUSG00000016554.9	269,367,254	527,654,554
ENSMUSG00000016559.14	702,831,562	954.89,940.57,865
ENSMUSG00000016619.10	143,134,112	202,295,273
ENSMUSG00000016624.15	9,20,18	8,2,2
ENSMUSG00000016626.10	1,0,0	0,0,0
ENSMUSG00000016637.7	30,50,56	32,24,32
ENSMUSG00000016664.16	522,613,560	493,624,595
ENSMUSG00000016756.17	32,168,34	23,25,25
ENSMUSG00000016757.11	60,96,25	106,136,119
ENSMUSG00000016758.4	12,8,0	4,5,0
ENSMUSG00000016763.15	15,283,5	2,0,5
ENSMUSG00000016831.12	291,261,234	408,518,506
ENSMUSG00000016833.14	64,49,58	71,98,82
ENSMUSG00000016918.15	650,1949,503	371,607,378
ENSMUSG00000016921.14	416,637,450	418,455,426
ENSMUSG00000016933.17	626,802,560	207,270,307
ENSMUSG00000016940.18	96,209,80	85,101,111
ENSMUSG00000016942.6	0,0,0	1,1,2
ENSMUSG00000016946.6	56,79,56	85,116,113
ENSMUSG00000016982.6	0,0,0	0,0,0
ENSMUSG00000016984.7	38,23,9	22,42,45
ENSMUSG00000016995.17	53,168,216	17,32,41
ENSMUSG00000016998.2	0,0,0	0,0,0
ENSMUSG00000017000.2	0,0,0	0,0,0
ENSMUSG00000017002.14	0,0,0	0,0,0
ENSMUSG00000017003.7	0,0,0	0,0,0
ENSMUSG00000017004.7	0,0,0	0,0,0
ENSMUSG00000017007.9	0,0,0	0,0,0
ENSMUSG00000017009.3	399,513,529	1015,795,732
ENSMUSG00000017049.4	0,0,0	0,0,0
ENSMUSG00000017057.9	111,183,22	107,98,111
ENSMUSG00000017064.4	0,0,0	0,0,0
ENSMUSG00000017119.19	566,615,550	576,745,868
ENSMUSG00000017132.17	278,181,308	220,371,310
ENSMUSG00000017144.8	184,185,122	130,166,164
ENSMUSG00000017146.12	4,3,0	5,6,11
ENSMUSG00000017165.1	0,0,0	0,0,0
ENSMUSG00000017167.6	36,70,27	14,11,1
ENSMUSG00000017176.17	67,66,59	69,72,54
ENSMUSG00000017188.3	92,92,111	114,209,159
ENSMUSG00000017195.15	0,0,0	0,0,0
ENSMUSG00000017204.4	0,0,0	0,3,4
ENSMUSG00000017210.14	250,146,253	196,291,204
ENSMUSG00000017211.14	0,0,0	0,0,0
ENSMUSG00000017221.14	480,361,685	973,1254,1193
ENSMUSG00000017264.16	226,315,223	312,283,309
ENSMUSG00000017286.15	126,114,66	98.68,84,94
ENSMUSG00000017288.15	166,197,189	183,258,208
ENSMUSG00000017291.13	1144,1025,876	1129,1103,1512
ENSMUSG00000017299.13	50,71,97	72,76,71
ENSMUSG00000017300.9	2445,14,2855	4852,4289,4662
ENSMUSG00000017307.16	26,38,13	21,44,26
ENSMUSG00000017309.11	397,144,275	128,179,184
ENSMUSG00000017310.7	0,0,0	0,0,0
ENSMUSG00000017311.15	0,0,0	0,0,0
ENSMUSG00000017314.12	31,56,39	24,18,24
ENSMUSG00000017316.13	0,0,0	0,0,0
ENSMUSG00000017344.4	104,21,98	84,105,138
ENSMUSG00000017376.15	85,109,76	62,70,81
ENSMUSG00000017386.10	34,62,38	11,22,29
ENSMUSG00000017390.15	2,0,5	1,0,0
ENSMUSG00000017400.10	2,0,6	4,1,4
ENSMUSG00000017404.12	693.94,1278.62,683.29	1021.36,1419.7,1185.45
ENSMUSG00000017405.14	27,75,16	16,11,16
ENSMUSG00000017412.15	16,89,46	11,12,4
ENSMUSG00000017417.14	57,82,54	14,24,53
ENSMUSG00000017418.13	119,188,132	155,171,142
ENSMUSG00000017421.18	317,401,381	374,402,418
ENSMUSG00000017428.16	536.35,332,690.82	1994.53,2220.77,2169.85
ENSMUSG00000017446.14	229,717,187	49,75,86
ENSMUSG00000017453.4	6,3,0	0,1,0
ENSMUSG00000017466.9	2982,14053,3732	1142,1632,824
ENSMUSG00000017478.15	246,381,342	266,343,333.84
ENSMUSG00000017485.11	506,521,423	336,372,521
ENSMUSG00000017491.9	39,104,100	42,89,50
ENSMUSG00000017493.12	2173,4760,1967	808,1274,1235
ENSMUSG00000017499.15	5,12,0	4,10,9
ENSMUSG00000017548.15	141,132,147	147,159,208
ENSMUSG00000017550.14	31,19,22	22,26,30
ENSMUSG00000017561.16	33,100,69	33,59,41
ENSMUSG00000017588.2	0,0,0	0,0,0
ENSMUSG00000017607.9	5,1,0	5,2,4
ENSMUSG00000017615.12	322,328,285	471,600,588
ENSMUSG00000017631.18	489,395,566	274,518,707
ENSMUSG00000017639.13	21,256,128	10,19,7
ENSMUSG00000017652.16	2,5,7	8,16,17
ENSMUSG00000017664.16	61,79,66	145,120,126
ENSMUSG00000017667.9	75,113,90	51,44,50
ENSMUSG00000017670.16	186,239,173	130,169,159
ENSMUSG00000017677.11	122,221,124	160,147,160
ENSMUSG00000017679.16	146,217,95	83,104,66
ENSMUSG00000017686.16	265,179,216	246,239,330
ENSMUSG00000017688.14	0,0,0	0,0,0
ENSMUSG00000017692.8	28,75,33	59,65,62
ENSMUSG00000017697.3	7,12,6	11,8,9
ENSMUSG00000017707.9	2262,2578,1829	1091,1429,1524
ENSMUSG00000017713.9	11,4,12	5,11,21
ENSMUSG00000017715.11	104,128,135	217,218,197
ENSMUSG00000017716.15	5,1,0	2,6,6
ENSMUSG00000017718.15	7.78,0,0	16.63,18.58,0
ENSMUSG00000017720.2	0,0,0	0,0,0
ENSMUSG00000017721.15	232,285,163	256,402,335
ENSMUSG00000017723.11	2,0,3	2,0,0
ENSMUSG00000017724.14	22,34,26	21,28,14
ENSMUSG00000017733.4	0,0,0	0,0,0
ENSMUSG00000017734.15	142.77,33.17,180	162,182,162.06
ENSMUSG00000017737.2	9,20,0	8,2,3
ENSMUSG00000017740.17	8,0,19	4,8,15
ENSMUSG00000017747.13	48,71,39	45,69,71
ENSMUSG00000017754.13	382,595,292	138,207,183
ENSMUSG00000017756.9	256,247,130	203,276,228
ENSMUSG00000017760.16	371,585,343	444,536,516
ENSMUSG00000017764.2	18,27,32	20,37,45
ENSMUSG00000017765.17	418,734,539	581,777,633
ENSMUSG00000017767.3	0,11,0	0,1,0
ENSMUSG00000017774.19	1459,1885,1217	1482,2048,1950
ENSMUSG00000017776.15	478,559,464	603,755,783
ENSMUSG00000017778.14	962.74,224.13,1128.08	1099.42,1302.45,1391.33
ENSMUSG00000017781.17	386,586,376	511,591,575
ENSMUSG00000017801.15	35,153,82	54,79,80
ENSMUSG00000017802.14	224,226,177	194,316,273
ENSMUSG00000017817.11	1696,170,2053	1929,2474,2788
ENSMUSG00000017830.15	8,0,25	18,21,10
ENSMUSG00000017831.8	264,252,290	257,320,338
ENSMUSG00000017832.2	0,6,0	1,0,0
ENSMUSG00000017837.12	149,124,146	157,182,228
ENSMUSG00000017843.14	524,480,469	416,528,645
ENSMUSG00000017858.12	68,84,76	59,81,54
ENSMUSG00000017861.11	3.96,1,8	1.33,1.34,10
ENSMUSG00000017868.16	0,0,0	0,1,0
ENSMUSG00000017897.18	144,394,100	72,90,27
ENSMUSG00000017922.14	0,0,0	0,0,0
ENSMUSG00000017929.13	165,176,176	229,280,253
ENSMUSG00000017943.15	0,0,0	2,3,0
ENSMUSG00000017950.16	0,0,0	0,0,0
ENSMUSG00000017969.13	235,1945,698	157,223,71
ENSMUSG00000017978.18	41,59,10	9,9,14
ENSMUSG00000017999.16	120,230,143	200,209,222
ENSMUSG00000018001.18	403,933,487	567,485,410
ENSMUSG00000018008.8	70,119,54	150,117,105
ENSMUSG00000018012.11	3,1,14	0,11,6
ENSMUSG00000018040.9	152.33,178,143.33	204.18,253.22,260.63
ENSMUSG00000018042.18	895,1347,849	554,896,797
ENSMUSG00000018068.13	23,80,46	64,77,73
ENSMUSG00000018076.12	865,1431,789	868,967,865
ENSMUSG00000018102.5	232.15,227.6,143.4	300.55,366.78,435.5
ENSMUSG00000018126.15	1,0,3	10,7,18
ENSMUSG00000018143.10	333,412,359	582,533,331
ENSMUSG00000018160.15	366,409,360	407,531,431
ENSMUSG00000018166.8	180,45,31	28,55,44
ENSMUSG00000018167.10	78,62,33	69,57,70
ENSMUSG00000018168.8	9,4,0	4,0,3
ENSMUSG00000018169.12	101,217,42	31,34,46
ENSMUSG00000018171.9	192,159,172	301,345,371
ENSMUSG00000018189.12	55,18,29	44,38,56
ENSMUSG00000018196.18	82,64,55	64,123,143
ENSMUSG00000018199.9	142,208,167	121,111,137
ENSMUSG00000018209.15	162,239,120	155,187,207
ENSMUSG00000018211.13	0,0,0	0,0,0
ENSMUSG00000018217.12	2016,1110,452	569,495,389
ENSMUSG00000018238.6	1,0,0	0,2,4
ENSMUSG00000018239.9	13,17,28	23,35,40
ENSMUSG00000018259.13	0,0,0	0,0,0
ENSMUSG00000018263.11	2,1,0	0,0,0
ENSMUSG00000018286.6	420,245,442	633,772,700
ENSMUSG00000018287.12	129,87,156	191,283,286
ENSMUSG00000018293.4	404,650,426	743,953,945
ENSMUSG00000018322.10	157,126,146	89,115,96
ENSMUSG00000018326.9	933,1239,701	594,833,706
ENSMUSG00000018334.18	420,248,383	897,720,714
ENSMUSG00000018339.11	946,7973,3007	889,1045,603
ENSMUSG00000018340.13	1278,1188,1230	2464,3400,3349
ENSMUSG00000018341.12	1,12,0	0,1,0
ENSMUSG00000018347.16	52,23,52	28,46,30
ENSMUSG00000018362.14	61.83,76,87	40.48,76.62,154.37
ENSMUSG00000018363.16	303,703,350	397,430,320
ENSMUSG00000018372.13	15,28,10	20,29,18
ENSMUSG00000018377.10	411,571,525	507,639,597
ENSMUSG00000018378.13	634,504,733	602,656,893
ENSMUSG00000018379.17	480,656,474	531,635,566
ENSMUSG00000018381.15	132,69,95	66,85,78
ENSMUSG00000018387.12	36,22,10	4,3,6
ENSMUSG00000018395.19	43,158,91	37,51,59
ENSMUSG00000018398.18	489,931,386	249,314,349
ENSMUSG00000018401.17	189,261,235	144,191,186
ENSMUSG00000018405.7	42,91,34	66,103,70
ENSMUSG00000018411.17	368,30,532	933,1189,924
ENSMUSG00000018412.16	439,519,407	321.29,418,446
ENSMUSG00000018415.14	334,470,265	246,340,354
ENSMUSG00000018417.14	447,261,334	197,243,250
ENSMUSG00000018425.18	121,231,111	50,89,70
ENSMUSG00000018427.7	130,175,107	44,77,61
ENSMUSG00000018428.15	552,299,562	712,1183,904
ENSMUSG00000018433.14	74,123,133	126,171,205
ENSMUSG00000018442.13	90,71,52	98,110,91
ENSMUSG00000018446.8	161,129,153	421,660,545
ENSMUSG00000018449.12	17,19,22	21,29,29
ENSMUSG00000018451.6	1,0,0	1,2,0
ENSMUSG00000018459.15	4,8,0	10,8,13
ENSMUSG00000018470.8	0,1,3	2,0,2
ENSMUSG00000018474.17	377,788,363	133,198,205
ENSMUSG00000018476.7	477,476,461	450,454,395
ENSMUSG00000018479.12	0,0,0	0,0,0
ENSMUSG00000018481.9	341,322,227	321,429,309
ENSMUSG00000018486.2	5,0,15	2,13,15
ENSMUSG00000018500.2	3,8,0	6,15,7
ENSMUSG00000018501.17	1286,1545,1273	980,1111,1455
ENSMUSG00000018507.16	23,39,57	40,44,54
ENSMUSG00000018509.8	40,38,14	50,36,39
ENSMUSG00000018537.16	50,124,59	17,23,37
ENSMUSG00000018541.10	72,138,105	70,90,82
ENSMUSG00000018543.8	0,0,0	0,2,0
ENSMUSG00000018547.8	413,372,517	434,609,531
ENSMUSG00000018548.15	97,168,29	49,46,85
ENSMUSG00000018554.13	14,4,7	2,7,2
ENSMUSG00000018559.16	348,330,494	470,734,698
ENSMUSG00000018565.17	68,73,84	164,167,204
ENSMUSG00000018566.14	1340,340,1495	2264,2552,3490
ENSMUSG00000018567.14	449,678,451	413,649,528
ENSMUSG00000018569.12	0,0,0	0,0,0
ENSMUSG00000018570.17	3,1,5	1,0,2
ENSMUSG00000018572.10	94,109,117	116,177,126
ENSMUSG00000018574.14	1419,532,1654	1195,2115,1657
ENSMUSG00000018581.15	0,0,0	0,0,0
ENSMUSG00000018583.5	589,555.38,677	1382.26,1569.97,1441.43
ENSMUSG00000018585.9	123,209,182	105,137,161
ENSMUSG00000018589.8	0,0,0	0,0,0
ENSMUSG00000018593.13	12553,58277,22813	5818,6702,6438
ENSMUSG00000018595.6	0,0,0	0,0,0
ENSMUSG00000018599.5	357,45,556	813,868,964
ENSMUSG00000018604.18	222,171,230	428,287,285
ENSMUSG00000018620.3	0,0,0	0,0,0
ENSMUSG00000018623.9	0,0,0	0,0,0
ENSMUSG00000018634.10	0,0,0	0,0,0
ENSMUSG00000018648.15	25,24,7	5,15,15
ENSMUSG00000018651.14	37,60,84	40,40,38
ENSMUSG00000018654.17	39,28,20	41,48,57
ENSMUSG00000018656.5	0,0,0	0,0,0
ENSMUSG00000018659.12	56,62,40	54,65,67
ENSMUSG00000018661.17	233,402,217	259,237,222
ENSMUSG00000018666.13	57,71,50	48,66,60
ENSMUSG00000018669.14	121,212,142	110,153,151
ENSMUSG00000018672.15	103,229,122	53,102,86
ENSMUSG00000018677.9	168,249,225	292,407,379
ENSMUSG00000018678.13	77,108,89	94,84,112
ENSMUSG00000018697.14	46,33,58	97,94,104
ENSMUSG00000018698.15	0,0,0	0,0,0
ENSMUSG00000018707.13	4639,5967,4941	3756,5083,4964
ENSMUSG00000018727.19	0,0,0	0,0,0
ENSMUSG00000018733.10	37,41,30	51,74,52
ENSMUSG00000018736.14	233,283,324	307,408,343
ENSMUSG00000018740.14	28,44,18	4,3,12
ENSMUSG00000018750.14	715,1121,679	308,439,364
ENSMUSG00000018752.19	38.33,53.66,44.23	18.35,15.82,6.97
ENSMUSG00000018761.14	55,49,70	61,60,40
ENSMUSG00000018765.5	538,354,610	612,894,886
ENSMUSG00000018770.9	869,224,934	844,1320,1191
ENSMUSG00000018774.13	21,44,69	751,665,852
ENSMUSG00000018776.10	0,0,0	0,0,0
ENSMUSG00000018796.13	2109,1961,1848	1674,2468,2539
ENSMUSG00000018800.14	249,215,220	168,264,355
ENSMUSG00000018809.2	63,44,29	34,37,68
ENSMUSG00000018819.10	273,824,412	348,349,378
